Date,Open,High,Low,Close,Adj Close,Volume
2010-01-04,24.24,24.85,23.969999,24.629999,24.629999,510300
2010-01-05,24.530001,25.209999,24.51,25.1,25.1,628300
2010-01-06,25.030001,25.200001,24.530001,24.719999,24.719999,599300
2010-01-07,24.9,25.0,24.25,24.57,24.57,433900
2010-01-08,24.43,24.799999,24.15,24.370001,24.370001,445200
2010-01-11,24.41,24.950001,24.290001,24.84,24.84,369100
2010-01-12,24.610001,24.99,24.41,24.51,24.51,351900
2010-01-13,24.52,24.75,24.26,24.65,24.65,288300
2010-01-14,24.65,24.9,24.549999,24.620001,24.620001,283500
2010-01-15,24.74,24.860001,23.700001,23.879999,23.879999,509700
2010-01-19,24.52,25.98,23.549999,25.98,25.98,822000
2010-01-20,25.809999,25.950001,24.59,25.57,25.57,731400
2010-01-21,25.530001,26.219999,25.370001,26.139999,26.139999,814100
2010-01-22,26.17,26.610001,25.780001,25.969999,25.969999,700700
2010-01-25,26.24,26.440001,25.639999,26.15,26.15,468900
2010-01-26,26.1,26.77,25.780001,26.280001,26.280001,451800
2010-01-27,26.1,27.040001,26.1,27.030001,27.030001,462200
2010-01-28,27.049999,27.09,26.09,26.389999,26.389999,574500
2010-01-29,26.549999,27.139999,26.52,26.66,26.66,480900
2010-02-01,26.700001,26.959999,25.9,26.51,26.51,908600
2010-02-02,26.5,28.09,26.219999,28.0,28.0,830700
2010-02-03,27.76,28.66,27.379999,28.65,28.65,1426000
2010-02-04,28.379999,28.6,25.59,25.629999,25.629999,1082700
2010-02-05,25.75,26.299999,25.059999,25.73,25.73,720400
2010-02-08,25.84,26.389999,25.65,25.77,25.77,432600
2010-02-09,26.15,26.73,25.799999,26.26,26.26,440100
2010-02-10,26.25,26.84,25.76,26.57,26.57,346500
2010-02-11,26.370001,27.76,25.940001,27.76,27.76,827000
2010-02-12,27.42,29.280001,27.42,29.27,29.27,868700
2010-02-16,29.280001,29.34,28.6,28.74,28.74,452900
2010-02-17,28.99,30.51,28.66,30.459999,30.459999,1062100
2010-02-18,30.280001,30.48,25.66,26.66,26.66,3919000
2010-02-19,26.66,27.040001,26.08,26.290001,26.290001,805700
2010-02-22,26.32,26.450001,25.41,25.530001,25.530001,905000
2010-02-23,25.639999,25.879999,24.309999,24.65,24.65,1225900
2010-02-24,24.620001,25.02,24.48,24.85,24.85,558800
2010-02-25,24.48,24.530001,24.01,24.34,24.34,613600
2010-02-26,24.34,24.700001,24.030001,24.459999,24.459999,512600
2010-03-01,24.530001,25.639999,24.0,25.370001,25.370001,624500
2010-03-02,25.389999,25.629999,24.870001,25.209999,25.209999,687300
2010-03-03,25.32,25.41,24.75,24.98,24.98,640300
2010-03-04,24.950001,24.99,24.32,24.809999,24.809999,572200
2010-03-05,24.889999,25.59,24.889999,25.51,25.51,693000
2010-03-08,25.379999,25.93,25.370001,25.469999,25.469999,359800
2010-03-09,25.27,25.76,24.870001,25.65,25.65,412700
2010-03-10,25.58,26.58,25.32,25.780001,25.780001,558100
2010-03-11,25.700001,25.870001,25.33,25.5,25.5,431300
2010-03-12,25.66,25.73,24.549999,24.690001,24.690001,917300
2010-03-15,24.58,24.940001,24.450001,24.780001,24.780001,388900
2010-03-16,24.93,25.139999,24.620001,24.76,24.76,309200
2010-03-17,24.84,25.059999,24.549999,24.58,24.58,271000
2010-03-18,24.549999,24.940001,24.219999,24.690001,24.690001,315500
2010-03-19,24.629999,24.860001,23.77,23.77,23.77,985400
2010-03-22,23.76,24.57,23.42,24.360001,24.360001,513500
2010-03-23,24.440001,25.809999,24.440001,25.719999,25.719999,726100
2010-03-24,25.66,25.9,25.4,25.4,25.4,495400
2010-03-25,25.68,27.68,25.68,26.559999,26.559999,878900
2010-03-26,26.719999,27.049999,25.93,26.23,26.23,355000
2010-03-29,26.32,26.85,26.26,26.799999,26.799999,362000
2010-03-30,26.75,27.23,26.639999,26.940001,26.940001,388300
2010-03-31,26.77,27.190001,26.389999,26.49,26.49,409300
2010-04-01,26.59,27.200001,26.200001,26.58,26.58,267600
2010-04-05,26.6,26.9,26.33,26.9,26.9,170300
2010-04-06,26.690001,26.85,26.360001,26.639999,26.639999,394300
2010-04-07,26.66,26.959999,25.92,26.309999,26.309999,332000
2010-04-08,26.15,26.309999,25.549999,26.030001,26.030001,534100
2010-04-09,26.0,26.0,25.41,25.780001,25.780001,341800
2010-04-12,25.879999,25.950001,25.4,25.559999,25.559999,368100
2010-04-13,25.59,26.030001,25.16,25.389999,25.389999,298900
2010-04-14,25.58,26.389999,25.24,26.389999,26.389999,791900
2010-04-15,26.43,26.780001,26.1,26.209999,26.209999,223100
2010-04-16,26.07,26.68,25.719999,26.4,26.4,546500
2010-04-19,26.23,26.719999,25.450001,25.530001,25.530001,498600
2010-04-20,25.700001,25.799999,24.940001,25.15,25.15,520000
2010-04-21,25.1,25.1,24.4,24.43,24.43,538100
2010-04-22,24.27,24.92,23.719999,24.559999,24.559999,490100
2010-04-23,24.5,25.040001,24.299999,24.77,24.77,294800
2010-04-26,24.700001,25.34,24.6,24.84,24.84,265000
2010-04-27,24.83,25.49,24.35,24.43,24.43,288900
2010-04-28,24.5,24.84,24.110001,24.620001,24.620001,170600
2010-04-29,24.780001,27.15,24.02,27.0,27.0,621200
2010-04-30,26.870001,27.5,25.34,25.530001,25.530001,698000
2010-05-03,25.709999,27.5,25.440001,27.48,27.48,594100
2010-05-04,26.9,27.98,26.82,27.84,27.84,836200
2010-05-05,27.629999,27.940001,26.299999,26.860001,26.860001,680200
2010-05-06,26.709999,27.15,22.9,25.42,25.42,986900
2010-05-07,25.25,26.49,23.290001,23.58,23.58,873900
2010-05-10,24.74,25.790001,24.190001,24.65,24.65,533500
2010-05-11,24.5,25.9,24.190001,25.52,25.52,658000
2010-05-12,25.73,27.790001,25.59,27.74,27.74,615100
2010-05-13,27.549999,28.870001,27.4,28.41,28.41,1213600
2010-05-14,28.15,28.32,26.940001,27.370001,27.370001,557100
2010-05-17,27.58,28.610001,26.9,28.51,28.51,690400
2010-05-18,28.84,28.950001,27.85,28.02,28.02,870200
2010-05-19,27.870001,28.549999,27.15,28.01,28.01,638700
2010-05-20,27.360001,27.67,26.52,27.200001,27.200001,660200
2010-05-21,26.82,28.01,26.42,27.139999,27.139999,896400
2010-05-24,27.040001,27.93,26.780001,27.389999,27.389999,673800
2010-05-25,26.5,26.860001,25.799999,26.76,26.76,627600
2010-05-26,26.889999,27.76,26.889999,27.389999,27.389999,838700
2010-05-27,27.91,28.33,27.5,27.9,27.9,2260000
2010-05-28,27.809999,28.84,27.610001,28.57,28.57,1024200
2010-06-01,28.299999,28.809999,27.610001,27.66,27.66,1139900
2010-06-02,28.059999,30.280001,27.690001,30.280001,30.280001,2164400
2010-06-03,30.190001,30.58,29.450001,30.18,30.18,895900
2010-06-04,29.32,29.559999,28.01,28.190001,28.190001,1081700
2010-06-07,28.299999,28.440001,26.969999,27.030001,27.030001,627200
2010-06-08,27.08,27.24,25.860001,26.5,26.5,720100
2010-06-09,24.98,26.139999,24.32,25.040001,25.040001,2121300
2010-06-10,25.43,26.23,25.15,26.139999,26.139999,867600
2010-06-11,25.98,27.040001,25.34,26.42,26.42,549300
2010-06-14,26.610001,27.129999,26.43,26.610001,26.610001,594800
2010-06-15,26.76,27.559999,26.57,27.440001,27.440001,529400
2010-06-16,27.25,27.719999,27.040001,27.08,27.08,426500
2010-06-17,27.08,27.17,26.200001,26.549999,26.549999,739800
2010-06-18,26.5,26.67,25.809999,26.110001,26.110001,1299100
2010-06-21,26.559999,26.870001,25.469999,25.67,25.67,380000
2010-06-22,25.84,26.290001,25.040001,25.110001,25.110001,322500
2010-06-23,25.15,25.620001,24.879999,25.4,25.4,358400
2010-06-24,24.77,25.15,24.370001,24.469999,24.469999,719300
2010-06-25,24.52,25.51,24.08,24.530001,24.530001,7388500
2010-06-28,24.65,24.780001,23.799999,24.27,24.27,797100
2010-06-29,23.67,23.950001,22.860001,22.98,22.98,676500
2010-06-30,23.049999,23.469999,22.32,22.32,22.32,580500
2010-07-01,22.309999,22.370001,20.450001,20.790001,20.790001,1431700
2010-07-02,21.059999,21.879999,20.75,21.610001,21.610001,1070200
2010-07-06,22.030001,22.030001,21.16,21.360001,21.360001,1213500
2010-07-07,21.450001,21.799999,21.08,21.68,21.68,648800
2010-07-08,21.950001,22.309999,21.790001,22.299999,22.299999,753600
2010-07-09,22.299999,23.25,22.110001,23.219999,23.219999,596100
2010-07-12,23.190001,23.4,22.379999,22.43,22.43,406800
2010-07-13,22.82,23.18,22.700001,23.09,23.09,504100
2010-07-14,22.940001,23.17,22.799999,23.059999,23.059999,206200
2010-07-15,23.190001,24.17,23.139999,23.33,23.33,769000
2010-07-16,23.08,23.27,22.43,22.48,22.48,569200
2010-07-19,22.58,22.940001,22.120001,22.360001,22.360001,593900
2010-07-20,22.040001,22.629999,21.790001,22.59,22.59,540400
2010-07-21,22.709999,23.049999,22.23,22.33,22.33,402900
2010-07-22,22.57,22.969999,22.450001,22.860001,22.860001,1056400
2010-07-23,22.709999,24.26,22.690001,24.01,24.01,655600
2010-07-26,24.209999,25.57,23.780001,25.200001,25.200001,722000
2010-07-27,25.51,25.6,24.280001,24.610001,24.610001,328200
2010-07-28,24.99,25.27,23.84,24.18,24.18,518000
2010-07-29,24.549999,24.549999,23.27,23.809999,23.809999,597000
2010-07-30,23.780001,24.709999,23.309999,24.190001,24.190001,470900
2010-08-02,24.67,25.530001,24.379999,25.0,25.0,481100
2010-08-03,24.84,25.360001,24.5,25.0,25.0,306100
2010-08-04,25.02,25.700001,25.0,25.48,25.48,244400
2010-08-05,25.41,25.59,25.030001,25.1,25.1,227300
2010-08-06,24.77,24.959999,24.02,24.85,24.85,274600
2010-08-09,24.870001,24.91,24.360001,24.709999,24.709999,395300
2010-08-10,24.35,24.66,24.0,24.51,24.51,257100
2010-08-11,23.99,24.33,23.620001,23.719999,23.719999,292900
2010-08-12,23.309999,24.0,23.09,23.82,23.82,243200
2010-08-13,23.690001,23.91,23.52,23.559999,23.559999,185200
2010-08-16,23.549999,23.959999,23.18,23.66,23.66,318500
2010-08-17,23.92,24.690001,23.76,24.530001,24.530001,242400
2010-08-18,24.67,24.870001,23.84,23.969999,23.969999,389500
2010-08-19,23.83,23.99,22.9,22.969999,22.969999,298100
2010-08-20,22.98,23.08,22.34,22.93,22.93,259200
2010-08-23,23.09,23.17,22.389999,22.41,22.41,220200
2010-08-24,22.209999,22.32,21.620001,22.120001,22.120001,618200
2010-08-25,22.07,22.52,21.73,22.469999,22.469999,424800
2010-08-26,22.540001,22.870001,21.700001,21.84,21.84,250200
2010-08-27,21.969999,22.84,21.5,22.780001,22.780001,309800
2010-08-30,22.6,22.84,21.91,21.91,21.91,209000
2010-08-31,21.91,22.450001,21.68,21.98,21.98,285000
2010-09-01,22.43,22.9,22.0,22.48,22.48,312600
2010-09-02,22.5,24.18,22.23,24.120001,24.120001,333600
2010-09-03,24.450001,25.0,24.209999,24.58,24.58,312100
2010-09-07,24.52,24.790001,24.280001,24.389999,24.389999,208800
2010-09-08,24.360001,24.92,24.17,24.42,24.42,235000
2010-09-09,24.559999,25.0,24.190001,24.6,24.6,291100
2010-09-10,24.620001,25.25,24.389999,25.15,25.15,349200
2010-09-13,25.280001,25.889999,25.27,25.639999,25.639999,323500
2010-09-14,25.5,25.959999,25.379999,25.66,25.66,208500
2010-09-15,25.66,25.9,25.43,25.68,25.68,191000
2010-09-16,25.66,26.25,25.469999,26.0,26.0,367600
2010-09-17,26.26,26.57,25.870001,26.5,26.5,649500
2010-09-20,26.540001,26.540001,26.08,26.200001,26.200001,366800
2010-09-21,26.33,26.379999,26.059999,26.190001,26.190001,499400
2010-09-22,26.190001,26.5,25.52,25.780001,25.780001,272300
2010-09-23,25.52,26.32,25.52,25.799999,25.799999,211200
2010-09-24,26.139999,26.75,26.0,26.74,26.74,155300
2010-09-27,26.76,26.76,26.120001,26.280001,26.280001,153300
2010-09-28,26.440001,26.709999,25.9,26.66,26.66,235500
2010-09-29,26.57,26.59,25.969999,26.549999,26.549999,204300
2010-09-30,26.67,27.530001,26.299999,27.4,27.4,606200
2010-10-01,27.530001,27.530001,26.33,26.700001,26.700001,613000
2010-10-04,26.549999,28.370001,26.530001,28.27,28.27,793900
2010-10-05,28.440001,28.629999,28.059999,28.450001,28.450001,450800
2010-10-06,28.459999,29.639999,28.450001,29.18,29.18,697600
2010-10-07,28.07,28.33,27.610001,27.98,27.98,2219700
2010-10-08,28.02,28.290001,27.98,28.18,28.18,1580900
2010-10-11,28.25,28.25,27.940001,27.940001,27.940001,397100
2010-10-12,27.940001,28.110001,27.9,27.959999,27.959999,563700
2010-10-13,28.0,28.24,27.83,28.139999,28.139999,358000
2010-10-14,28.040001,28.290001,27.93,28.25,28.25,334800
2010-10-15,28.280001,28.6,27.940001,28.040001,28.040001,426300
2010-10-18,28.0,28.370001,27.780001,28.25,28.25,242300
2010-10-19,27.93,28.25,27.290001,27.4,27.4,321200
2010-10-20,27.35,27.690001,26.93,27.01,27.01,415300
2010-10-21,27.17,27.59,26.82,27.15,27.15,304900
2010-10-22,27.290001,27.459999,26.85,27.370001,27.370001,133900
2010-10-25,27.440001,28.059999,27.26,27.68,27.68,342500
2010-10-26,27.549999,27.549999,26.9,26.9,26.9,439000
2010-10-27,26.799999,27.559999,26.549999,27.02,27.02,421100
2010-10-28,27.030001,27.559999,26.940001,26.959999,26.959999,475900
2010-10-29,26.91,27.0,26.07,26.110001,26.110001,934900
2010-11-01,26.370001,26.6,25.91,26.0,26.0,577500
2010-11-02,26.1,26.940001,25.68,26.610001,26.610001,504100
2010-11-03,26.58,26.889999,26.09,26.52,26.52,294500
2010-11-04,26.809999,27.1,26.65,26.85,26.85,382200
2010-11-05,26.870001,27.059999,26.309999,26.530001,26.530001,323500
2010-11-08,26.27,26.530001,25.959999,26.1,26.1,307500
2010-11-09,26.049999,26.08,25.59,25.84,25.84,498500
2010-11-10,25.809999,25.93,25.309999,25.690001,25.690001,772400
2010-11-11,25.42,26.16,25.42,25.799999,25.799999,237600
2010-11-12,25.639999,25.85,25.040001,25.290001,25.290001,576400
2010-11-15,25.379999,25.530001,24.290001,24.49,24.49,663500
2010-11-16,24.41,24.84,24.309999,24.68,24.68,642500
2010-11-17,24.82,24.91,24.4,24.51,24.51,229000
2010-11-18,24.780001,25.0,24.5,24.969999,24.969999,368500
2010-11-19,24.9,25.0,24.629999,24.67,24.67,377200
2010-11-22,28.389999,29.620001,27.110001,29.530001,29.530001,5260000
2010-11-23,29.25,30.9,28.709999,29.99,29.99,2518800
2010-11-24,30.059999,30.389999,28.99,29.370001,29.370001,1205500
2010-11-26,29.27,29.280001,28.799999,28.83,28.83,185900
2010-11-29,28.74,29.07,28.440001,28.68,28.68,582700
2010-11-30,28.49,28.93,28.16,28.82,28.82,581500
2010-12-01,29.120001,29.950001,28.950001,29.49,29.49,748200
2010-12-02,29.58,30.1,29.01,29.48,29.48,846000
2010-12-03,29.43,30.15,29.120001,29.98,29.98,747400
2010-12-06,29.950001,30.370001,29.639999,30.139999,30.139999,490800
2010-12-07,30.5,30.809999,30.219999,30.32,30.32,608000
2010-12-08,30.370001,30.5,30.030001,30.09,30.09,387700
2010-12-09,30.200001,30.24,29.950001,30.1,30.1,585300
2010-12-10,30.16,30.32,30.030001,30.200001,30.200001,380700
2010-12-13,30.540001,31.0,30.209999,30.66,30.66,434000
2010-12-14,30.76,30.879999,30.370001,30.610001,30.610001,443400
2010-12-15,30.540001,31.959999,30.540001,31.719999,31.719999,754200
2010-12-16,31.83,32.23,31.360001,32.029999,32.029999,509500
2010-12-17,31.870001,33.119999,31.75,33.060001,33.060001,1362800
2010-12-20,33.200001,33.849998,32.150002,33.060001,33.060001,750600
2010-12-21,32.77,33.939999,32.509998,33.650002,33.650002,399700
2010-12-22,33.740002,33.740002,33.110001,33.470001,33.470001,405600
2010-12-23,33.259998,33.529999,33.060001,33.5,33.5,358800
2010-12-27,33.330002,33.91,33.23,33.689999,33.689999,280500
2010-12-28,33.66,33.66,33.25,33.5,33.5,294300
2010-12-29,33.490002,33.59,33.32,33.32,33.32,396200
2010-12-30,33.400002,33.560001,33.259998,33.380001,33.380001,380600
2010-12-31,33.259998,33.419998,32.830002,32.830002,32.830002,329600
2011-01-03,32.689999,34.139999,32.689999,33.82,33.82,411800
2011-01-04,33.740002,33.82,33.119999,33.259998,33.259998,305600
2011-01-05,33.200001,33.810001,33.060001,33.290001,33.290001,342000
2011-01-06,33.360001,34.349998,33.220001,34.310001,34.310001,476100
2011-01-07,34.18,34.459999,33.880001,34.099998,34.099998,349800
2011-01-10,34.02,34.09,33.139999,33.150002,33.150002,410000
2011-01-11,33.259998,33.759998,33.0,33.150002,33.150002,353600
2011-01-12,33.25,33.330002,32.32,32.610001,32.610001,680000
2011-01-13,32.549999,33.419998,32.34,32.82,32.82,366400
2011-01-14,32.98,34.5,32.810001,34.5,34.5,602400
2011-01-18,34.490002,35.630001,34.119999,35.43,35.43,613900
2011-01-19,35.5,35.869999,33.099998,33.299999,33.299999,1072400
2011-01-20,33.380001,33.900002,32.939999,33.82,33.82,502900
2011-01-21,33.959999,34.119999,33.220001,33.279999,33.279999,274400
2011-01-24,33.259998,33.77,33.150002,33.369999,33.369999,401100
2011-01-25,33.349998,33.709999,33.0,33.669998,33.669998,282800
2011-01-26,33.75,34.939999,33.75,34.470001,34.470001,407600
2011-01-27,34.459999,35.419998,34.450001,34.869999,34.869999,520600
2011-01-28,34.91,34.91,33.360001,33.450001,33.450001,361200
2011-01-31,33.400002,34.200001,33.400002,33.68,33.68,257700
2011-02-01,33.689999,34.0,33.400002,33.700001,33.700001,497400
2011-02-02,33.57,34.849998,33.57,34.57,34.57,375100
2011-02-03,34.59,34.830002,33.900002,34.709999,34.709999,308600
2011-02-04,34.740002,34.880001,34.259998,34.470001,34.470001,267700
2011-02-07,34.5,34.889999,34.169998,34.400002,34.400002,192600
2011-02-08,34.43,35.310001,34.380001,34.950001,34.950001,343000
2011-02-09,34.869999,35.27,34.450001,34.450001,34.450001,498300
2011-02-10,34.450001,36.490002,34.049999,36.490002,36.490002,672900
2011-02-11,36.84,36.91,35.200001,35.310001,35.310001,1035500
2011-02-14,36.099998,38.099998,35.93,37.709999,37.709999,2605300
2011-02-15,37.43,37.93,37.099998,37.110001,37.110001,455000
2011-02-16,37.259998,37.889999,36.700001,37.700001,37.700001,472700
2011-02-17,37.630001,38.09,37.459999,37.669998,37.669998,734300
2011-02-18,37.970001,37.970001,36.759998,37.48,37.48,520700
2011-02-22,37.060001,37.299999,36.080002,36.610001,36.610001,600000
2011-02-23,36.459999,36.790001,34.77,34.779999,34.779999,891400
2011-02-24,36.549999,36.639999,35.549999,35.950001,35.950001,487300
2011-02-25,36.259998,37.0,36.009998,37.0,37.0,340100
2011-02-28,37.18,37.459999,35.970001,36.27,36.27,551600
2011-03-01,36.43,36.560001,36.009998,36.189999,36.189999,344700
2011-03-02,36.25,36.540001,35.970001,36.32,36.32,230100
2011-03-03,36.419998,37.599998,36.209999,37.490002,37.490002,285900
2011-03-04,37.349998,38.009998,37.09,38.0,38.0,292300
2011-03-07,38.049999,38.200001,37.279999,38.049999,38.049999,540100
2011-03-08,38.02,38.84,37.619999,38.790001,38.790001,640800
2011-03-09,38.84,40.290001,38.400002,39.84,39.84,990900
2011-03-10,39.150002,39.810001,38.709999,39.299999,39.299999,450600
2011-03-11,37.799999,39.360001,37.700001,38.68,38.68,554000
2011-03-14,38.400002,39.25,38.009998,38.959999,38.959999,492300
2011-03-15,38.09,38.700001,37.869999,38.52,38.52,320400
2011-03-16,38.5,38.970001,38.32,38.509998,38.509998,348700
2011-03-17,38.73,39.27,38.560001,38.830002,38.830002,235500
2011-03-18,39.209999,39.380001,38.709999,38.810001,38.810001,714900
2011-03-21,39.18,40.25,38.959999,39.919998,39.919998,400200
2011-03-22,39.830002,40.150002,39.360001,39.950001,39.950001,382700
2011-03-23,39.73,40.09,39.049999,39.490002,39.490002,284400
2011-03-24,39.889999,41.380001,39.650002,41.099998,41.099998,425600
2011-03-25,41.169998,41.689999,41.119999,41.34,41.34,485300
2011-03-28,41.509998,42.09,40.549999,41.740002,41.740002,476500
2011-03-29,41.849998,43.549999,41.68,43.470001,43.470001,676200
2011-03-30,43.77,45.110001,43.580002,44.68,44.68,829500
2011-03-31,44.5,45.0,44.110001,44.939999,44.939999,425900
2011-04-01,44.779999,45.310001,44.540001,45.259998,45.259998,609300
2011-04-04,45.200001,45.970001,45.09,45.43,45.43,587200
2011-04-05,45.16,46.459999,45.16,46.150002,46.150002,834300
2011-04-06,46.419998,46.82,44.439999,44.970001,44.970001,685700
2011-04-07,44.630001,44.639999,42.580002,43.599998,43.599998,1574900
2011-04-08,43.959999,44.25,41.830002,42.700001,42.700001,1109400
2011-04-11,43.009998,43.919998,42.549999,43.91,43.91,877300
2011-04-12,43.5,43.900002,42.599998,42.849998,42.849998,573300
2011-04-13,43.490002,45.380001,43.490002,44.740002,44.740002,1159300
2011-04-14,44.220001,45.400002,44.130001,44.84,44.84,630600
2011-04-15,45.130001,45.84,44.68,45.84,45.84,600600
2011-04-18,45.959999,49.439999,45.240002,48.650002,48.650002,1788500
2011-04-19,48.799999,49.34,47.549999,47.799999,47.799999,1046000
2011-04-20,48.959999,49.759998,47.939999,49.689999,49.689999,757900
2011-04-21,49.900002,50.150002,49.220001,49.75,49.75,634900
2011-04-25,49.970001,50.23,48.669998,49.860001,49.860001,525700
2011-04-26,50.0,52.220001,50.0,52.139999,52.139999,1398200
2011-04-27,56.0,71.739998,54.950001,67.050003,67.050003,9611500
2011-04-28,65.839996,67.519997,58.07,64.610001,64.610001,10900000
2011-04-29,62.25,62.59,50.75,51.040001,51.040001,8270100
2011-05-02,51.119999,54.189999,50.02,53.709999,53.709999,2578200
2011-05-03,53.459999,56.0,49.330002,51.110001,51.110001,2203700
2011-05-04,51.07,51.84,47.529999,48.0,48.0,2000500
2011-05-05,47.610001,49.830002,46.599998,47.049999,47.049999,1100000
2011-05-06,47.759998,51.290001,47.68,50.25,50.25,1132300
2011-05-09,51.18,52.84,50.400002,52.040001,52.040001,756500
2011-05-10,52.34,52.810001,50.900002,52.380001,52.380001,713000
2011-05-11,52.299999,52.98,51.529999,52.119999,52.119999,727400
2011-05-12,51.77,52.709999,50.75,52.68,52.68,407000
2011-05-13,52.400002,53.450001,51.880001,53.029999,53.029999,780300
2011-05-16,52.27,54.09,52.16,53.200001,53.200001,940600
2011-05-17,53.0,54.290001,52.560001,53.52,53.52,758000
2011-05-18,53.849998,55.740002,53.23,55.639999,55.639999,650900
2011-05-19,55.849998,56.459999,54.66,54.84,54.84,996400
2011-05-20,54.790001,57.41,54.790001,56.91,56.91,863500
2011-05-23,56.34,56.34,54.880001,55.400002,55.400002,816900
2011-05-24,55.66,57.669998,55.43,57.029999,57.029999,921700
2011-05-25,56.889999,58.599998,56.560001,58.299999,58.299999,812600
2011-05-26,58.25,59.27,57.630001,58.650002,58.650002,632400
2011-05-27,59.0,59.099998,58.0,58.27,58.27,611000
2011-05-31,59.07,60.380001,58.490002,60.02,60.02,2231000
2011-06-01,59.830002,59.990002,57.720001,57.950001,57.950001,610000
2011-06-02,59.27,60.0,57.950001,59.060001,59.060001,528700
2011-06-03,57.970001,58.77,57.349998,58.040001,58.040001,437100
2011-06-06,57.889999,58.360001,56.200001,56.349998,56.349998,443000
2011-06-07,57.34,59.040001,56.919998,58.310001,58.310001,492500
2011-06-08,57.98,58.299999,56.549999,56.759998,56.759998,447200
2011-06-09,57.02,57.02,55.18,55.77,55.77,1242900
2011-06-10,55.669998,56.279999,53.509998,54.580002,54.580002,1445800
2011-06-13,54.700001,55.220001,53.080002,53.93,53.93,612200
2011-06-14,54.360001,56.310001,53.130001,55.029999,55.029999,935500
2011-06-15,57.5,61.049999,57.5,57.82,57.82,1950700
2011-06-16,57.77,58.240002,55.57,56.720001,56.720001,1057000
2011-06-17,59.07,59.919998,53.689999,54.02,54.02,1900600
2011-06-20,54.02,54.32,52.5,53.209999,53.209999,1683100
2011-06-21,53.599998,54.220001,52.740002,53.0,53.0,1311100
2011-06-22,53.0,53.880001,52.700001,52.82,52.82,520600
2011-06-23,52.630001,53.490002,51.380001,53.25,53.25,672000
2011-06-24,53.279999,53.57,51.720001,52.889999,52.889999,1238300
2011-06-27,52.700001,53.68,52.5,53.060001,53.060001,435300
2011-06-28,53.049999,55.459999,52.75,55.099998,55.099998,601100
2011-06-29,55.099998,56.459999,54.720001,55.630001,55.630001,628000
2011-06-30,55.41,56.740002,55.380001,56.709999,56.709999,796800
2011-07-01,56.459999,57.84,55.73,57.75,57.75,633500
2011-07-05,57.709999,59.860001,57.009998,59.75,59.75,729900
2011-07-06,59.509998,60.84,59.220001,59.580002,59.580002,880900
2011-07-07,60.0,61.279999,59.59,60.709999,60.709999,551000
2011-07-08,59.939999,60.790001,59.02,59.639999,59.639999,512400
2011-07-11,59.049999,59.169998,57.150002,57.560001,57.560001,525600
2011-07-12,57.549999,57.970001,56.5,57.150002,57.150002,592100
2011-07-13,57.23,57.950001,56.59,56.59,56.59,585000
2011-07-14,57.07,57.860001,55.82,56.139999,56.139999,537200
2011-07-15,56.25,56.669998,55.490002,55.59,55.59,561600
2011-07-18,55.52,55.919998,54.860001,55.799999,55.799999,555900
2011-07-19,56.060001,59.25,56.060001,59.16,59.16,1135100
2011-07-20,59.220001,59.23,57.41,58.41,58.41,435200
2011-07-21,58.860001,59.580002,56.029999,57.419998,57.419998,952000
2011-07-22,57.450001,57.84,56.939999,57.470001,57.470001,393200
2011-07-25,56.939999,56.939999,55.580002,55.650002,55.650002,623200
2011-07-26,55.759998,56.0,53.439999,53.52,53.52,832300
2011-07-27,53.830002,54.040001,52.32,52.650002,52.650002,1110800
2011-07-28,54.200001,56.630001,52.490002,52.630001,52.630001,1147500
2011-07-29,52.189999,53.810001,51.509998,53.060001,53.060001,937400
2011-08-01,54.0,54.18,52.0,52.66,52.66,896100
2011-08-02,52.34,53.389999,51.23,52.299999,52.299999,1019600
2011-08-03,52.389999,52.77,47.84,51.959999,51.959999,976600
2011-08-04,50.77,50.790001,47.349998,47.720001,47.720001,1979000
2011-08-05,48.279999,48.959999,44.41,46.810001,46.810001,994100
2011-08-08,45.349998,47.060001,42.830002,44.959999,44.959999,1878200
2011-08-09,45.619999,48.349998,44.060001,48.240002,48.240002,1303000
2011-08-10,47.990002,48.950001,45.369999,47.099998,47.099998,1171000
2011-08-11,48.139999,50.990002,47.110001,50.119999,50.119999,1163900
2011-08-12,51.0,56.740002,50.209999,54.18,54.18,1556300
2011-08-15,54.740002,58.470001,54.740002,58.169998,58.169998,1079400
2011-08-16,57.580002,57.990002,56.0,57.419998,57.419998,1205300
2011-08-17,56.259998,57.41,54.509998,55.919998,55.919998,2967400
2011-08-18,54.060001,54.43,52.040001,53.200001,53.200001,1353700
2011-08-19,52.290001,55.080002,51.900002,54.369999,54.369999,1597900
2011-08-22,55.16,55.77,52.919998,53.41,53.41,1125300
2011-08-23,53.779999,57.52,53.07,57.5,57.5,1158000
2011-08-24,57.490002,57.490002,55.330002,56.799999,56.799999,756100
2011-08-25,57.0,57.91,55.630001,56.290001,56.290001,734600
2011-08-26,53.59,56.16,52.23,55.810001,55.810001,1413500
2011-08-29,56.369999,58.810001,56.150002,58.619999,58.619999,971900
2011-08-30,57.950001,59.560001,57.560001,59.459999,59.459999,1150200
2011-08-31,59.5,63.450001,58.470001,59.029999,59.029999,1767700
2011-09-01,59.439999,60.139999,58.25,59.459999,59.459999,750900
2011-09-02,58.389999,68.599998,58.380001,64.779999,64.779999,4892700
2011-09-06,63.009998,68.959999,62.549999,68.550003,68.550003,2054600
2011-09-07,68.25,71.5,67.019997,71.269997,71.269997,2038200
2011-09-08,70.650002,74.839996,70.349998,72.190002,72.190002,2065200
2011-09-09,68.669998,69.5,64.07,65.620003,65.620003,2172000
2011-09-12,63.400002,66.660004,63.029999,65.550003,65.550003,1273600
2011-09-13,65.879997,66.989998,64.269997,65.639999,65.639999,1421800
2011-09-14,66.440002,66.440002,63.25,63.509998,63.509998,1269800
2011-09-15,64.260002,64.260002,61.0,62.029999,62.029999,1681600
2011-09-16,62.490002,62.959999,59.970001,60.200001,60.200001,1360800
2011-09-19,60.0,65.629997,59.68,64.919998,64.919998,1895400
2011-09-20,64.279999,65.029999,62.759998,64.349998,64.349998,1146100
2011-09-21,65.209999,79.900002,63.799999,70.279999,70.279999,4927700
2011-09-22,67.769997,70.0,65.870003,66.43,66.43,2219900
2011-09-23,66.019997,66.580002,65.279999,66.190002,66.190002,598500
2011-09-26,66.970001,67.779999,63.130001,64.260002,64.260002,928800
2011-09-27,65.489998,65.610001,63.009998,63.09,63.09,641500
2011-09-28,63.950001,64.489998,61.02,61.09,61.09,784200
2011-09-29,62.310001,62.599998,57.75,59.939999,59.939999,647000
2011-09-30,58.720001,59.720001,57.43,58.200001,58.200001,897600
2011-10-03,57.369999,58.900002,55.360001,55.43,55.43,930500
2011-10-04,55.0,57.650002,54.029999,57.549999,57.549999,1289500
2011-10-05,56.790001,59.98,55.540001,59.18,59.18,2832900
2011-10-06,59.119999,64.830002,58.400002,64.730003,64.730003,1244500
2011-10-07,64.709999,64.889999,62.650002,63.02,63.02,757300
2011-10-10,63.869999,66.470001,63.09,66.0,66.0,819500
2011-10-11,65.699997,66.389999,64.129997,64.349998,64.349998,459900
2011-10-12,65.18,65.480003,62.400002,63.0,63.0,805100
2011-10-13,63.73,65.980003,63.060001,65.099998,65.099998,862900
2011-10-14,65.0,65.449997,63.27,63.950001,63.950001,494200
2011-10-17,64.0,64.660004,62.830002,64.629997,64.629997,961400
2011-10-18,60.16,62.0,59.27,60.490002,60.490002,4916700
2011-10-19,60.5,61.849998,59.380001,60.099998,60.099998,1677400
2011-10-20,60.139999,61.32,59.700001,60.82,60.82,1064100
2011-10-21,61.52,62.810001,60.220001,62.169998,62.169998,1782800
2011-10-24,63.220001,63.68,60.619999,60.73,60.73,1208800
2011-10-25,60.66,60.720001,56.060001,57.09,57.09,1341700
2011-10-26,60.59,60.59,56.450001,57.669998,57.669998,975900
2011-10-27,59.490002,60.490002,54.66,56.43,56.43,1531500
2011-10-28,56.389999,56.599998,54.759998,55.66,55.66,789900
2011-10-31,54.549999,55.82,54.549999,55.299999,55.299999,638400
2011-11-01,54.279999,55.98,52.889999,54.959999,54.959999,921300
2011-11-02,55.950001,56.360001,53.259998,55.709999,55.709999,838200
2011-11-03,55.73,56.099998,53.700001,54.880001,54.880001,473200
2011-11-04,54.610001,57.639999,54.34,56.419998,56.419998,1062800
2011-11-07,56.209999,56.5,53.700001,54.59,54.59,442800
2011-11-08,54.860001,55.16,53.75,54.830002,54.830002,425200
2011-11-09,54.029999,55.790001,53.810001,54.060001,54.060001,432100
2011-11-10,54.450001,54.68,52.669998,53.459999,53.459999,1203700
2011-11-11,54.389999,54.5,52.849998,52.93,52.93,705700
2011-11-14,53.23,55.060001,53.18,53.990002,53.990002,588700
2011-11-15,54.02,54.200001,52.34,52.939999,52.939999,573800
2011-11-16,52.82,52.849998,50.529999,50.740002,50.740002,945500
2011-11-17,50.450001,52.259998,50.450001,51.130001,51.130001,815600
2011-11-18,51.5,52.240002,49.580002,49.810001,49.810001,1603300
2011-11-21,52.619999,57.0,51.09,55.0,55.0,4301200
2011-11-22,55.0,56.860001,54.669998,56.73,56.73,1287600
2011-11-23,56.139999,56.639999,54.869999,55.09,55.09,859800
2011-11-25,55.0,56.150002,53.5,53.779999,53.779999,331100
2011-11-28,55.0,57.549999,54.439999,57.360001,57.360001,968500
2011-11-29,57.32,58.529999,55.580002,55.790001,55.790001,963100
2011-11-30,56.66,59.709999,56.66,59.419998,59.419998,981500
2011-12-01,59.099998,60.259998,58.689999,60.209999,60.209999,761700
2011-12-02,60.349998,60.380001,58.200001,58.279999,58.279999,666100
2011-12-05,54.0,56.060001,53.310001,55.060001,55.060001,2057100
2011-12-06,55.650002,55.650002,54.02,54.439999,54.439999,1249800
2011-12-07,54.060001,54.139999,51.849998,53.189999,53.189999,1340500
2011-12-08,52.799999,53.720001,50.880001,51.389999,51.389999,1140700
2011-12-09,51.709999,54.060001,51.470001,53.380001,53.380001,994100
2011-12-12,52.82,53.290001,51.950001,53.040001,53.040001,979000
2011-12-13,53.27,53.779999,51.099998,51.630001,51.630001,1004400
2011-12-14,51.34,52.09,50.27,51.77,51.77,836000
2011-12-15,52.049999,52.830002,51.330002,51.950001,51.950001,761900
2011-12-16,51.77,53.720001,50.330002,53.0,53.0,13646100
2011-12-19,53.09,53.919998,52.450001,53.200001,53.200001,1329000
2011-12-20,53.810001,56.040001,53.77,55.029999,55.029999,1393400
2011-12-21,55.009998,55.389999,53.0,54.419998,54.419998,975900
2011-12-22,54.490002,54.740002,53.889999,53.959999,53.959999,427300
2011-12-23,54.220001,55.990002,54.0,55.57,55.57,683900
2011-12-27,55.349998,56.09,55.310001,55.790001,55.790001,446200
2011-12-28,55.549999,55.990002,55.119999,55.349998,55.349998,458100
2011-12-29,55.16,56.43,55.119999,56.299999,56.299999,583300
2011-12-30,56.299999,56.57,55.419998,55.43,55.43,499000
2012-01-03,56.509998,57.970001,56.240002,56.43,56.43,773900
2012-01-04,56.470001,57.990002,56.009998,57.830002,57.830002,1864000
2012-01-05,57.73,62.200001,57.700001,60.939999,60.939999,2301200
2012-01-06,61.919998,66.0,61.740002,65.790001,65.790001,2495800
2012-01-09,66.010002,68.419998,65.220001,65.480003,65.480003,1349800
2012-01-10,74.349998,75.830002,72.0,74.440002,74.440002,4556700
2012-01-11,74.099998,77.440002,73.690002,77.360001,77.360001,2613800
2012-01-12,77.010002,79.970001,77.0,78.260002,78.260002,2335500
2012-01-13,78.339996,79.889999,77.779999,78.919998,78.919998,1818000
2012-01-17,77.769997,78.809998,77.419998,77.989998,77.989998,1745200
2012-01-18,77.980003,79.290001,76.690002,78.919998,78.919998,1124000
2012-01-19,78.529999,80.779999,78.279999,79.760002,79.760002,1068000
2012-01-20,79.739998,79.809998,77.440002,78.330002,78.330002,659600
2012-01-23,78.669998,79.980003,78.029999,78.550003,78.550003,590800
2012-01-24,78.379997,80.330002,78.059998,79.410004,79.410004,452000
2012-01-25,80.370003,83.139999,79.400002,82.900002,82.900002,863600
2012-01-26,82.959999,83.400002,81.699997,81.849998,81.849998,741100
2012-01-27,81.550003,86.150002,81.550003,85.540001,85.540001,1136000
2012-01-30,86.75,89.080002,85.0,88.879997,88.879997,1481700
2012-01-31,89.419998,91.75,88.379997,90.860001,90.860001,1250900
2012-02-01,90.459999,93.099998,89.919998,92.43,92.43,1254600
2012-02-02,92.940002,95.209999,92.07,95.010002,95.010002,1058000
2012-02-03,95.540001,97.559998,95.0,96.860001,96.860001,1044700
2012-02-06,94.779999,101.720001,94.730003,101.139999,101.139999,1706600
2012-02-07,101.410004,101.93,99.099998,100.339996,100.339996,1506400
2012-02-08,100.730003,102.860001,98.589996,102.699997,102.699997,1405500
2012-02-09,102.510002,105.419998,101.410004,103.599998,103.599998,1526200
2012-02-10,103.0,103.839996,101.290001,102.080002,102.080002,809100
2012-02-13,112.540001,116.93,109.769997,114.650002,114.650002,4161600
2012-02-14,113.25,114.43,107.589996,110.099998,110.099998,2461500
2012-02-15,109.559998,111.5,107.080002,108.639999,108.639999,1348000
2012-02-16,107.769997,108.5,105.730003,105.830002,105.830002,1440200
2012-02-17,105.779999,105.919998,102.080002,103.279999,103.279999,1634300
2012-02-21,102.720001,103.230003,97.400002,99.260002,99.260002,2759000
2012-02-22,98.0,100.07,94.220001,99.589996,99.589996,1944100
2012-02-23,99.480003,104.550003,99.220001,103.32,103.32,1444500
2012-02-24,102.690002,103.82,101.099998,103.220001,103.220001,780000
2012-02-27,102.559998,106.629997,102.160004,105.940002,105.940002,934800
2012-02-28,105.839996,107.449997,103.889999,105.169998,105.169998,842700
2012-02-29,105.339996,106.43,104.370003,104.790001,104.790001,784800
2012-03-01,104.32,107.639999,102.019997,107.559998,107.559998,946700
2012-03-02,107.25,110.25,106.93,108.800003,108.800003,982800
2012-03-05,108.660004,110.129997,107.830002,108.709999,108.709999,864900
2012-03-06,107.660004,108.790001,102.82,104.209999,104.209999,913100
2012-03-07,104.559998,105.910004,103.629997,104.910004,104.910004,424000
2012-03-08,106.410004,108.150002,105.330002,106.199997,106.199997,498200
2012-03-09,106.050003,107.5,106.050003,107.209999,107.209999,338300
2012-03-12,108.169998,112.709999,108.059998,110.150002,110.150002,1108300
2012-03-13,110.559998,112.07,109.489998,112.07,112.07,660700
2012-03-14,111.629997,113.0,110.239998,110.730003,110.730003,613700
2012-03-15,111.199997,115.989998,110.010002,115.75,115.75,855000
2012-03-16,115.32,118.120003,114.540001,115.330002,115.330002,1313500
2012-03-19,115.129997,116.339996,113.849998,115.349998,115.349998,591100
2012-03-20,114.870003,117.389999,113.620003,116.459999,116.459999,811200
2012-03-21,116.550003,119.410004,115.0,117.43,117.43,1121700
2012-03-22,117.459999,118.510002,115.690002,118.0,118.0,688900
2012-03-23,118.599998,119.349998,116.309998,119.18,119.18,551400
2012-03-26,119.260002,121.389999,118.029999,119.959999,119.959999,1284400
2012-03-27,119.900002,120.099998,116.050003,116.190002,116.190002,671600
2012-03-28,115.949997,117.839996,113.110001,116.129997,116.129997,723000
2012-03-29,115.330002,115.470001,112.550003,114.639999,114.639999,554100
2012-03-30,115.529999,117.199997,114.529999,116.620003,116.620003,766300
2012-04-02,117.459999,121.550003,116.0,120.199997,120.199997,1010100
2012-04-03,120.5,124.489998,120.459999,124.489998,124.489998,895600
2012-04-04,123.300003,123.5,119.800003,122.050003,122.050003,1332500
2012-04-05,122.160004,123.879997,120.910004,123.440002,123.440002,683800
2012-04-09,122.120003,122.419998,119.650002,121.129997,121.129997,465700
2012-04-10,120.93,122.699997,115.919998,117.019997,117.019997,759400
2012-04-11,118.470001,121.5,117.769997,121.410004,121.410004,870400
2012-04-12,123.209999,124.0,121.489998,123.0,123.0,760900
2012-04-13,122.790001,123.959999,121.5,122.599998,122.599998,497300
2012-04-16,123.360001,124.5,119.510002,122.540001,122.540001,579300
2012-04-17,123.25,125.0,122.940002,123.449997,123.449997,627000
2012-04-18,123.209999,124.769997,122.43,124.089996,124.089996,497600
2012-04-19,124.32,127.800003,124.32,125.989998,125.989998,743700
2012-04-20,126.019997,128.0,125.290001,126.379997,126.379997,447900
2012-04-23,125.050003,126.32,122.160004,126.300003,126.300003,723200
2012-04-24,125.550003,125.550003,122.279999,122.540001,122.540001,783600
2012-04-25,123.580002,127.809998,123.050003,127.110001,127.110001,950200
2012-04-26,143.059998,145.039993,138.039993,138.600006,138.600006,3220300
2012-04-27,137.419998,141.119995,135.589996,140.009995,140.009995,1057400
2012-04-30,140.119995,141.410004,135.199997,135.259995,135.259995,1388300
2012-05-01,134.940002,137.539993,133.580002,134.380005,134.380005,1288600
2012-05-02,134.080002,138.729996,134.0,137.309998,137.309998,573900
2012-05-03,137.199997,138.729996,132.949997,133.919998,133.919998,548700
2012-05-04,132.529999,132.550003,129.320007,131.399994,131.399994,658000
2012-05-07,131.110001,132.0,129.389999,130.289993,130.289993,706800
2012-05-08,128.970001,131.5,125.650002,130.929993,130.929993,1405200
2012-05-09,127.639999,130.690002,126.459999,129.399994,129.399994,849300
2012-05-10,130.479996,132.029999,129.580002,131.139999,131.139999,592000
2012-05-11,130.470001,135.0,130.470001,134.089996,134.089996,796900
2012-05-14,132.929993,134.100006,129.860001,131.610001,131.610001,513800
2012-05-15,132.190002,133.130005,130.630005,131.100006,131.100006,762400
2012-05-16,131.699997,132.990005,129.970001,131.119995,131.119995,798900
2012-05-17,131.600006,132.940002,125.5,125.739998,125.739998,1254800
2012-05-18,126.440002,126.440002,119.489998,120.230003,120.230003,1302100
2012-05-21,120.389999,126.5,120.089996,126.169998,126.169998,1166900
2012-05-22,126.419998,130.149994,124.940002,126.07,126.07,768900
2012-05-23,125.239998,127.940002,122.480003,127.550003,127.550003,709000
2012-05-24,127.360001,129.75,126.519997,129.710007,129.710007,579600
2012-05-25,130.0,132.339996,128.330002,132.169998,132.169998,824300
2012-05-29,134.009995,136.0,131.050003,136.0,136.0,1407000
2012-05-30,134.860001,137.5,132.649994,135.75,135.75,1165500
2012-05-31,137.820007,137.820007,131.460007,135.649994,135.649994,3753500
2012-06-01,133.229996,133.229996,122.57,123.93,123.93,1777400
2012-06-04,122.650002,126.199997,121.010002,125.940002,125.940002,993600
2012-06-05,126.440002,129.5,125.099998,129.050003,129.050003,669000
2012-06-06,130.5,134.0,129.710007,133.020004,133.020004,713300
2012-06-07,134.059998,134.899994,128.809998,128.990005,128.990005,651900
2012-06-08,127.650002,130.410004,126.010002,129.619995,129.619995,539000
2012-06-11,131.199997,131.990005,126.550003,126.879997,126.879997,638600
2012-06-12,127.559998,128.660004,124.779999,127.849998,127.849998,561500
2012-06-13,123.82,124.589996,110.540001,111.879997,111.879997,4471500
2012-06-14,112.5,112.800003,108.660004,110.889999,110.889999,1987000
2012-06-15,111.349998,114.379997,110.0,113.849998,113.849998,1347100
2012-06-18,113.150002,117.470001,113.110001,116.93,116.93,1153300
2012-06-19,117.230003,118.470001,115.160004,115.989998,115.989998,921100
2012-06-20,116.279999,117.0,114.720001,115.220001,115.220001,822700
2012-06-21,115.389999,116.68,114.290001,114.660004,114.660004,531500
2012-06-22,115.410004,116.339996,113.080002,115.900002,115.900002,972000
2012-06-25,114.080002,115.0,111.669998,113.949997,113.949997,533000
2012-06-26,114.599998,116.650002,113.959999,116.089996,116.089996,577700
2012-06-27,114.93,116.519997,112.57,113.699997,113.699997,552700
2012-06-28,113.260002,113.660004,107.309998,110.660004,110.660004,944300
2012-06-29,112.660004,114.970001,112.040001,114.220001,114.220001,648100
2012-07-02,115.150002,120.760002,114.019997,120.760002,120.760002,982200
2012-07-03,121.0,123.480003,120.910004,122.300003,122.300003,466400
2012-07-05,121.410004,122.699997,119.610001,120.779999,120.779999,548800
2012-07-06,120.199997,120.75,118.550003,119.540001,119.540001,380800
2012-07-09,119.349998,119.900002,116.050003,117.0,117.0,648300
2012-07-10,117.980003,119.0,115.239998,115.879997,115.879997,638500
2012-07-11,115.559998,115.720001,111.900002,112.769997,112.769997,730600
2012-07-12,112.739998,118.0,111.5,117.019997,117.019997,775700
2012-07-13,116.970001,118.110001,116.129997,117.639999,117.639999,472900
2012-07-16,117.519997,119.360001,117.07,118.720001,118.720001,524900
2012-07-17,119.290001,122.389999,117.800003,122.019997,122.019997,579600
2012-07-18,121.580002,124.849998,121.540001,123.93,123.93,650700
2012-07-19,123.93,124.470001,120.0,120.610001,120.610001,445200
2012-07-20,120.360001,122.239998,120.010002,121.650002,121.650002,408800
2012-07-23,122.120003,123.339996,118.010002,122.5,122.5,583800
2012-07-24,123.690002,124.910004,120.849998,121.440002,121.440002,913700
2012-07-25,135.130005,135.380005,118.129997,128.839996,128.839996,3648100
2012-07-26,130.210007,136.429993,130.0,135.639999,135.639999,1721600
2012-07-27,136.419998,138.679993,136.100006,136.899994,136.899994,752800
2012-07-30,137.679993,138.339996,134.419998,135.470001,135.470001,686400
2012-07-31,134.0,136.309998,133.0,134.649994,134.649994,966000
2012-08-01,136.300003,138.25,133.600006,134.009995,134.009995,769400
2012-08-02,133.339996,136.699997,131.240005,136.470001,136.470001,573000
2012-08-03,138.929993,141.179993,136.270004,136.960007,136.960007,678900
2012-08-06,137.389999,138.759995,135.419998,137.449997,137.449997,443700
2012-08-07,137.729996,140.449997,135.880005,139.479996,139.479996,622900
2012-08-08,138.520004,141.960007,138.009995,139.630005,139.630005,594800
2012-08-09,139.089996,140.740005,137.309998,137.809998,137.809998,450900
2012-08-10,137.539993,138.580002,136.059998,136.839996,136.839996,481600
2012-08-13,136.880005,136.880005,132.279999,135.360001,135.360001,769000
2012-08-14,136.990005,137.0,134.449997,135.940002,135.940002,435700
2012-08-15,135.589996,139.559998,135.160004,137.580002,137.580002,659900
2012-08-16,138.020004,138.759995,135.399994,137.479996,137.479996,500500
2012-08-17,137.5,139.360001,135.559998,138.059998,138.059998,370800
2012-08-20,138.059998,138.369995,135.729996,136.429993,136.429993,356000
2012-08-21,135.990005,137.529999,133.649994,134.619995,134.619995,489400
2012-08-22,134.710007,139.479996,134.009995,138.699997,138.699997,818200
2012-08-23,138.610001,145.809998,137.880005,142.779999,142.779999,1355200
2012-08-24,142.410004,146.25,142.410004,145.089996,145.089996,627300
2012-08-27,144.380005,146.369995,143.339996,145.490005,145.490005,526800
2012-08-28,145.539993,147.399994,144.0,146.770004,146.770004,659800
2012-08-29,146.940002,147.0,144.589996,145.479996,145.479996,413800
2012-08-30,144.529999,146.350006,142.410004,145.509995,145.509995,695300
2012-08-31,145.800003,148.229996,143.970001,148.050003,148.050003,690500
2012-09-04,148.399994,150.820007,146.410004,150.160004,150.160004,693900
2012-09-05,149.559998,150.0,147.610001,149.460007,149.460007,686200
2012-09-06,150.0,153.979996,149.589996,152.449997,152.449997,698600
2012-09-07,152.600006,152.929993,151.300003,152.550003,152.550003,781000
2012-09-10,151.649994,151.919998,150.050003,150.289993,150.289993,460500
2012-09-11,149.490005,150.160004,148.229996,148.759995,148.759995,363100
2012-09-12,149.0,149.309998,141.839996,145.630005,145.630005,987700
2012-09-13,146.309998,147.940002,145.770004,146.889999,146.889999,579200
2012-09-14,147.820007,151.479996,147.720001,149.679993,149.679993,584000
2012-09-17,149.070007,151.830002,149.0,149.710007,149.710007,716900
2012-09-18,149.100006,150.679993,146.869995,147.070007,147.070007,478400
2012-09-19,146.929993,148.25,145.429993,145.910004,145.910004,627200
2012-09-20,145.940002,147.729996,145.350006,146.220001,146.220001,462000
2012-09-21,145.449997,147.179993,144.899994,145.089996,145.089996,1385400
2012-09-24,145.25,145.740005,142.130005,144.160004,144.160004,644500
2012-09-25,144.789993,148.619995,144.789993,146.0,146.0,717700
2012-09-26,145.589996,146.300003,142.169998,142.970001,142.970001,786600
2012-09-27,143.229996,151.880005,143.199997,151.199997,151.199997,996500
2012-09-28,150.660004,153.389999,149.820007,152.660004,152.660004,827100
2012-10-01,153.110001,155.720001,152.270004,154.419998,154.419998,959900
2012-10-02,154.0,157.059998,153.020004,157.020004,157.020004,429300
2012-10-03,156.899994,158.509995,154.710007,158.070007,158.070007,428600
2012-10-04,158.850006,164.070007,157.970001,161.300003,161.300003,1013400
2012-10-05,161.899994,163.889999,158.860001,159.0,159.0,818800
2012-10-08,158.759995,159.619995,154.649994,155.279999,155.279999,448400
2012-10-09,154.919998,155.350006,151.360001,152.479996,152.479996,455700
2012-10-10,152.020004,153.75,150.009995,152.779999,152.779999,485800
2012-10-11,154.210007,155.619995,152.339996,153.699997,153.699997,784300
2012-10-12,152.800003,154.550003,150.169998,150.729996,150.729996,311000
2012-10-15,151.619995,155.070007,150.690002,154.490005,154.490005,693700
2012-10-16,155.179993,158.160004,155.050003,157.910004,157.910004,464000
2012-10-17,158.960007,166.389999,158.309998,164.229996,164.229996,1049000
2012-10-18,162.860001,163.710007,159.509995,160.720001,160.720001,593700
2012-10-19,160.029999,161.029999,156.660004,158.240005,158.240005,690700
2012-10-22,158.639999,163.080002,156.830002,162.949997,162.949997,802400
2012-10-23,160.0,160.740005,152.630005,152.990005,152.990005,1123500
2012-10-24,158.460007,163.169998,152.419998,162.690002,162.690002,1974200
2012-10-25,164.139999,164.880005,154.210007,155.229996,155.229996,989700
2012-10-26,156.419998,156.600006,146.220001,149.25,149.25,927300
2012-10-31,149.529999,149.699997,141.570007,142.300003,142.300003,974800
2012-11-01,144.5,149.699997,143.199997,146.369995,146.369995,849400
2012-11-02,147.259995,147.259995,141.350006,143.5,143.5,682900
2012-11-05,145.419998,145.960007,141.279999,144.850006,144.850006,477500
2012-11-06,145.0,145.0,142.050003,144.389999,144.389999,486400
2012-11-07,142.830002,144.320007,136.5,138.229996,138.229996,1043200
2012-11-08,138.279999,141.320007,137.619995,137.660004,137.660004,637000
2012-11-09,136.830002,142.979996,136.130005,140.740005,140.740005,493100
2012-11-12,142.630005,146.229996,142.240005,144.899994,144.899994,508400
2012-11-13,145.039993,148.979996,144.210007,148.080002,148.080002,544400
2012-11-14,149.75,149.960007,146.0,147.550003,147.550003,696800
2012-11-15,146.850006,147.559998,141.210007,142.470001,142.470001,939900
2012-11-16,143.009995,160.0,141.009995,157.690002,157.690002,1654200
2012-11-19,157.679993,161.25,156.679993,160.440002,160.440002,796100
2012-11-20,159.860001,174.600006,159.729996,172.869995,172.869995,1909100
2012-11-21,172.0,176.149994,171.5,174.550003,174.550003,893900
2012-11-23,175.0,176.5,173.5,176.080002,176.080002,300500
2012-11-26,174.880005,175.910004,170.729996,174.389999,174.389999,816600
2012-11-27,173.369995,176.570007,172.0,174.699997,174.699997,887000
2012-11-28,173.309998,175.220001,171.100006,174.910004,174.910004,425300
2012-11-29,175.990005,188.949997,175.449997,187.740005,187.740005,1848100
2012-11-30,186.0,186.149994,176.550003,176.550003,176.550003,2335300
2012-12-03,180.149994,182.0,176.070007,180.699997,180.699997,910400
2012-12-04,180.300003,181.210007,177.710007,180.699997,180.699997,627500
2012-12-05,181.050003,186.130005,178.0,185.199997,185.199997,903900
2012-12-06,185.910004,188.919998,180.639999,181.800003,181.800003,801600
2012-12-07,179.470001,182.110001,178.0,180.869995,180.869995,627900
2012-12-10,181.0,185.0,180.350006,184.690002,184.690002,470100
2012-12-11,185.0,186.610001,184.100006,184.600006,184.600006,557800
2012-12-12,185.0,185.179993,180.800003,183.039993,183.039993,554000
2012-12-13,182.529999,183.309998,177.139999,179.039993,179.039993,890400
2012-12-14,178.869995,180.339996,177.919998,179.710007,179.710007,424700
2012-12-17,178.009995,180.25,178.0,179.399994,179.399994,927300
2012-12-18,179.0,181.050003,176.179993,180.020004,180.020004,695000
2012-12-19,183.130005,183.130005,173.100006,175.649994,175.649994,804400
2012-12-20,175.100006,175.100006,168.149994,172.839996,172.839996,837600
2012-12-21,168.910004,174.839996,168.910004,173.479996,173.479996,3872100
2012-12-24,173.399994,174.520004,171.009995,173.039993,173.039993,378400
2012-12-26,173.039993,173.389999,167.800003,170.009995,170.009995,567000
2012-12-27,169.320007,172.600006,164.059998,168.770004,168.770004,750400
2012-12-28,166.309998,171.380005,165.289993,167.970001,167.970001,484300
2012-12-31,167.020004,171.559998,165.259995,171.070007,171.070007,488100
2013-01-02,176.419998,181.820007,173.820007,181.199997,181.199997,939000
2013-01-03,181.580002,183.820007,179.660004,180.710007,180.710007,566000
2013-01-04,182.259995,183.380005,179.869995,181.070007,181.070007,438900
2013-01-07,180.149994,183.699997,178.5,182.529999,182.529999,464700
2013-01-08,175.0,176.789993,169.970001,176.630005,176.630005,1643600
2013-01-09,177.5,185.779999,177.0,183.399994,183.399994,836000
2013-01-10,185.139999,185.229996,179.550003,183.770004,183.770004,545300
2013-01-11,183.970001,184.199997,178.570007,179.460007,179.460007,524600
2013-01-14,181.050003,181.050003,178.0,179.399994,179.399994,400100
2013-01-15,175.850006,176.410004,171.610001,174.839996,174.839996,619700
2013-01-16,174.0,177.389999,169.369995,170.029999,170.029999,875400
2013-01-17,167.869995,170.410004,164.0,169.589996,169.589996,1229500
2013-01-18,168.020004,170.880005,165.320007,167.970001,167.970001,720100
2013-01-22,168.0,175.240005,167.160004,175.070007,175.070007,904300
2013-01-23,174.979996,177.25,173.570007,176.160004,176.160004,655800
2013-01-24,175.460007,177.839996,172.169998,173.139999,173.139999,803800
2013-01-25,174.860001,175.149994,170.800003,174.479996,174.479996,717400
2013-01-28,176.080002,176.339996,170.470001,170.899994,170.899994,712500
2013-01-29,171.289993,175.139999,169.820007,174.960007,174.960007,486500
2013-01-30,174.490005,174.990005,172.789993,174.759995,174.759995,407200
2013-01-31,173.410004,175.539993,172.610001,173.940002,173.940002,507800
2013-02-01,175.139999,175.720001,172.679993,172.880005,172.880005,1005500
2013-02-04,172.0,174.330002,167.850006,170.679993,170.679993,855100
2013-02-05,171.179993,171.990005,168.050003,169.940002,169.940002,894200
2013-02-06,169.440002,170.509995,166.339996,167.630005,167.630005,631900
2013-02-07,167.910004,168.990005,162.25,163.990005,163.990005,1174600
2013-02-08,164.770004,167.0,164.25,165.880005,165.880005,702400
2013-02-11,180.0,182.589996,168.100006,170.350006,170.350006,2342000
2013-02-12,170.130005,170.860001,167.139999,168.179993,168.179993,785000
2013-02-13,168.490005,171.080002,167.770004,170.330002,170.330002,869800
2013-02-14,169.649994,171.729996,163.039993,169.240005,169.240005,1156200
2013-02-15,168.0,168.190002,163.050003,164.929993,164.929993,861400
2013-02-19,164.470001,165.5,158.610001,160.419998,160.419998,1018700
2013-02-20,160.0,161.0,158.100006,158.419998,158.419998,949500
2013-02-21,158.320007,159.729996,154.160004,159.309998,159.309998,1147200
2013-02-22,159.919998,161.410004,157.649994,160.380005,160.380005,749600
2013-02-25,161.509995,163.679993,158.5,159.369995,159.369995,789400
2013-02-26,159.809998,162.160004,159.089996,161.630005,161.630005,713700
2013-02-27,161.669998,165.580002,160.509995,164.800003,164.800003,655900
2013-02-28,165.25,169.509995,165.25,167.0,167.0,715000
2013-03-01,166.649994,172.210007,165.25,171.729996,171.729996,781800
2013-03-04,171.350006,174.25,169.869995,172.649994,172.649994,831400
2013-03-05,173.970001,175.880005,172.270004,174.639999,174.639999,729300
2013-03-06,175.300003,176.369995,173.270004,174.550003,174.550003,536100
2013-03-07,174.899994,175.580002,171.5,171.940002,171.940002,558900
2013-03-08,173.130005,174.169998,169.440002,172.970001,172.970001,624700
2013-03-11,172.910004,173.100006,170.809998,171.75,171.75,315200
2013-03-12,171.470001,172.320007,168.520004,172.190002,172.190002,467800
2013-03-13,172.449997,175.160004,171.059998,172.839996,172.839996,505700
2013-03-14,173.720001,174.570007,171.0,171.929993,171.929993,376800
2013-03-15,171.820007,173.139999,170.020004,171.839996,171.839996,1140100
2013-03-18,170.789993,171.460007,169.029999,170.110001,170.110001,392300
2013-03-19,171.199997,177.990005,171.199997,175.279999,175.279999,791600
2013-03-20,175.580002,177.5,174.600006,175.509995,175.509995,369600
2013-03-21,174.600006,174.639999,171.110001,171.330002,171.330002,416100
2013-03-22,172.350006,172.899994,170.449997,172.399994,172.399994,277200
2013-03-25,172.690002,173.169998,169.210007,170.139999,170.139999,248900
2013-03-26,171.300003,172.279999,168.240005,169.710007,169.710007,281500
2013-03-27,169.25,171.0,168.199997,170.899994,170.899994,398300
2013-03-28,170.419998,177.75,169.830002,176.399994,176.399994,911800
2013-04-01,180.0,180.75,177.119995,178.509995,178.509995,586300
2013-04-02,179.830002,185.75,178.949997,185.0,185.0,988000
2013-04-03,185.139999,189.899994,182.080002,182.690002,182.690002,862900
2013-04-04,183.889999,186.190002,182.050003,185.089996,185.089996,483000
2013-04-05,181.990005,185.850006,179.75,185.410004,185.410004,641200
2013-04-08,185.059998,188.5,183.199997,188.470001,188.470001,394100
2013-04-09,189.850006,192.830002,189.350006,191.080002,191.080002,831700
2013-04-10,191.679993,201.350006,190.320007,201.130005,201.130005,967200
2013-04-11,200.910004,209.289993,199.850006,208.350006,208.350006,1294000
2013-04-12,205.860001,216.199997,205.5,215.839996,215.839996,1157300
2013-04-15,215.0,215.75,208.179993,209.050003,209.050003,1218700
2013-04-16,212.0,217.720001,210.0,216.759995,216.759995,1234200
2013-04-17,215.259995,215.610001,208.789993,213.080002,213.080002,1059500
2013-04-18,214.910004,214.910004,203.699997,206.660004,206.660004,823300
2013-04-19,206.399994,213.0,206.330002,212.580002,212.580002,954900
2013-04-22,213.570007,215.779999,208.610001,213.809998,213.809998,710800
2013-04-23,215.0,220.429993,211.570007,212.850006,212.850006,715500
2013-04-24,213.149994,214.070007,208.539993,210.619995,210.619995,675900
2013-04-25,214.880005,218.130005,211.860001,216.75,216.75,1055100
2013-04-26,216.529999,220.979996,214.059998,216.600006,216.600006,658500
2013-04-29,217.720001,219.130005,215.320007,215.479996,215.479996,1157000
2013-04-30,217.580002,217.889999,212.5,215.139999,215.139999,15385400
2013-05-01,214.75,252.350006,214.699997,237.289993,237.289993,4759900
2013-05-02,242.940002,249.839996,237.960007,248.630005,248.630005,1927700
2013-05-03,258.950012,270.0,256.920013,266.160004,266.160004,2322000
2013-05-06,264.149994,265.0,255.880005,262.75,262.75,1563400
2013-05-07,263.5,264.470001,258.869995,262.190002,262.190002,1255000
2013-05-08,261.380005,264.320007,260.579987,263.73999,263.73999,944600
2013-05-09,263.73999,265.200012,260.75,261.950012,261.950012,744900
2013-05-10,262.869995,274.600006,262.200012,273.5,273.5,907600
2013-05-13,273.540009,280.600006,271.339996,280.51001,280.51001,770300
2013-05-14,280.769989,282.809998,278.019989,282.799988,282.799988,1084200
2013-05-15,281.809998,283.98999,272.109985,274.109985,274.109985,844700
2013-05-16,272.859985,275.720001,261.0,264.660004,264.660004,987000
2013-05-17,262.049988,270.200012,262.049988,266.970001,266.970001,738700
2013-05-20,265.790009,269.779999,263.48999,263.640015,263.640015,536300
2013-05-21,264.390015,266.049988,255.089996,259.959991,259.959991,804900
2013-05-22,260.059998,274.5,257.079987,262.420013,262.420013,1060400
2013-05-23,257.429993,260.470001,245.520004,254.869995,254.869995,848600
2013-05-24,253.600006,254.690002,246.220001,250.309998,250.309998,676600
2013-05-28,254.179993,259.459991,249.729996,251.449997,251.449997,589200
2013-05-29,249.190002,250.25,242.339996,247.710007,247.710007,557200
2013-05-30,248.509995,253.429993,246.690002,252.179993,252.179993,435900
2013-05-31,248.630005,253.0,241.869995,241.880005,241.880005,771400
2013-06-03,241.830002,242.5,229.520004,236.070007,236.070007,794200
2013-06-04,235.25,239.690002,232.369995,232.880005,232.880005,870900
2013-06-05,231.720001,239.979996,227.470001,229.639999,229.639999,854500
2013-06-06,230.229996,252.5,229.669998,252.169998,252.169998,1388300
2013-06-07,252.059998,261.75,251.059998,257.5,257.5,907000
2013-06-10,258.140015,258.600006,249.699997,252.830002,252.830002,594000
2013-06-11,249.419998,254.399994,245.009995,248.880005,248.880005,544600
2013-06-12,251.75,253.320007,236.240005,237.490005,237.490005,581900
2013-06-13,237.839996,244.460007,236.279999,239.520004,239.520004,551100
2013-06-14,238.570007,242.479996,232.880005,236.929993,236.929993,628100
2013-06-17,238.199997,241.050003,232.509995,232.710007,232.710007,662000
2013-06-18,233.639999,244.259995,230.509995,242.759995,242.759995,888800
2013-06-19,243.380005,244.699997,231.289993,231.380005,231.380005,675600
2013-06-20,228.009995,228.300003,218.279999,219.610001,219.610001,988900
2013-06-21,220.949997,226.0,212.820007,215.470001,215.470001,3137700
2013-06-24,212.899994,224.089996,206.300003,218.380005,218.380005,1578400
2013-06-25,220.949997,225.199997,218.360001,220.169998,220.169998,904800
2013-06-26,222.759995,229.970001,221.240005,228.740005,228.740005,849000
2013-06-27,232.759995,236.050003,231.050003,234.570007,234.570007,1064800
2013-06-28,233.059998,234.25,224.429993,224.880005,224.880005,1985800
2013-07-01,231.600006,239.779999,228.009995,230.139999,230.139999,1082700
2013-07-02,230.139999,233.880005,228.020004,231.119995,231.119995,710500
2013-07-03,229.199997,234.460007,229.029999,232.929993,232.929993,363100
2013-07-05,233.979996,237.100006,231.0,233.479996,233.479996,439400
2013-07-08,234.809998,235.990005,225.779999,229.020004,229.020004,699400
2013-07-09,228.220001,237.789993,228.220001,235.919998,235.919998,606700
2013-07-10,236.830002,239.25,232.210007,236.699997,236.699997,518400
2013-07-11,242.190002,248.679993,239.169998,247.869995,247.869995,889700
2013-07-12,255.520004,268.679993,253.0,266.0,266.0,1512800
2013-07-15,270.5,270.5,261.059998,268.640015,268.640015,672200
2013-07-16,267.230011,270.820007,258.320007,262.709991,262.709991,756200
2013-07-17,267.429993,269.980011,265.140015,269.519989,269.519989,529900
2013-07-18,269.709991,273.799988,264.0,267.480011,267.480011,487400
2013-07-19,268.549988,275.0,264.0,274.859985,274.859985,881600
2013-07-22,278.109985,282.269989,276.25,277.98999,277.98999,855200
2013-07-23,278.440002,279.920013,267.75,268.339996,268.339996,789600
2013-07-24,270.369995,270.929993,264.220001,267.929993,267.929993,606000
2013-07-25,269.190002,272.609985,261.48999,267.829987,267.829987,513900
2013-07-26,267.179993,269.890015,264.410004,269.209991,269.209991,340300
2013-07-29,267.429993,274.160004,265.320007,269.200012,269.200012,304400
2013-07-30,270.410004,276.51001,268.709991,273.670013,273.670013,444700
2013-07-31,275.350006,276.100006,269.51001,270.059998,270.059998,498100
2013-08-01,272.570007,278.730011,267.799988,278.290009,278.290009,512600
2013-08-02,277.640015,277.98999,270.410004,272.390015,272.390015,636600
2013-08-05,273.299988,276.0,269.730011,270.98999,270.98999,636700
2013-08-06,258.649994,264.0,249.169998,254.5,254.5,2044300
2013-08-07,254.320007,258.559998,251.149994,253.229996,253.229996,727700
2013-08-08,254.979996,255.990005,251.869995,252.490005,252.490005,425800
2013-08-09,251.080002,256.0,249.580002,250.009995,250.009995,391900
2013-08-12,248.589996,249.149994,242.839996,245.960007,245.960007,491700
2013-08-13,245.589996,246.410004,242.020004,244.389999,244.389999,619600
2013-08-14,244.0,248.130005,240.869995,241.270004,241.270004,369800
2013-08-15,240.199997,240.800003,233.5,233.820007,233.820007,664800
2013-08-16,233.729996,236.770004,230.779999,230.979996,230.979996,698700
2013-08-19,229.899994,231.889999,227.639999,227.649994,227.649994,550600
2013-08-20,229.550003,238.800003,227.970001,233.300003,233.300003,692400
2013-08-21,231.710007,236.550003,230.699997,232.369995,232.369995,602700
2013-08-22,233.839996,240.220001,233.059998,237.350006,237.350006,410000
2013-08-23,239.529999,240.0,236.429993,238.850006,238.850006,484500
2013-08-26,239.0,246.589996,238.029999,245.009995,245.009995,738900
2013-08-27,240.740005,243.270004,238.190002,239.169998,239.169998,672800
2013-08-28,239.929993,243.479996,235.020004,243.070007,243.070007,559900
2013-08-29,241.080002,247.759995,241.020004,243.580002,243.580002,606700
2013-08-30,243.199997,244.279999,237.880005,242.309998,242.309998,462300
2013-09-03,245.990005,259.980011,245.990005,259.149994,259.149994,919500
2013-09-04,258.899994,269.109985,255.0,268.209991,268.209991,916100
2013-09-05,268.519989,270.0,265.98999,268.640015,268.640015,602700
2013-09-06,270.0,270.119995,261.799988,267.570007,267.570007,479100
2013-09-09,267.910004,277.480011,267.910004,276.799988,276.799988,804700
2013-09-10,279.799988,279.950012,275.279999,276.640015,276.640015,584800
2013-09-11,277.070007,277.769989,269.5,276.850006,276.850006,474400
2013-09-12,276.970001,278.809998,272.200012,273.600006,273.600006,328700
2013-09-13,278.75,290.0,278.75,289.970001,289.970001,1007900
2013-09-16,291.730011,295.980011,285.290009,294.359985,294.359985,821200
2013-09-17,294.589996,298.429993,291.070007,296.619995,296.619995,675300
2013-09-18,297.779999,311.0,297.75,309.170013,309.170013,1263700
2013-09-19,309.910004,310.630005,298.109985,307.109985,307.109985,1045400
2013-09-20,306.809998,307.0,299.109985,300.799988,300.799988,1837700
2013-09-23,299.190002,300.029999,292.0,295.76001,295.76001,698000
2013-09-24,296.220001,299.950012,293.26001,295.109985,295.109985,579300
2013-09-25,295.049988,296.829987,291.600006,292.230011,292.230011,679500
2013-09-26,295.23999,310.429993,294.079987,305.529999,305.529999,879900
2013-09-27,301.920013,309.910004,300.660004,305.649994,305.649994,516700
2013-09-30,304.589996,319.829987,301.970001,312.869995,312.869995,1141300
2013-10-01,316.579987,319.5,307.649994,316.630005,316.630005,729500
2013-10-02,313.609985,318.480011,312.0,313.670013,313.670013,537100
2013-10-03,312.920013,314.98999,300.179993,303.570007,303.570007,919300
2013-10-04,303.5,310.76001,303.5,308.600006,308.600006,494000
2013-10-07,303.929993,307.98999,296.190002,298.950012,298.950012,549000
2013-10-08,298.149994,298.820007,284.309998,287.679993,287.679993,823100
2013-10-09,289.320007,289.320007,271.149994,281.559998,281.559998,1445000
2013-10-10,289.399994,295.0,286.160004,294.079987,294.079987,576600
2013-10-11,293.970001,293.970001,287.519989,290.299988,290.299988,556500
2013-10-14,287.380005,296.329987,284.100006,295.630005,295.630005,370300
2013-10-15,294.040009,298.089996,290.0,290.429993,290.429993,430500
2013-10-16,302.0,307.76001,298.059998,307.649994,307.649994,1177000
2013-10-17,306.809998,310.0,300.529999,307.859985,307.859985,704300
2013-10-18,308.399994,309.959991,300.51001,303.559998,303.559998,642600
2013-10-21,304.910004,307.0,293.910004,294.890015,294.890015,524600
2013-10-22,295.690002,305.399994,295.440002,304.48999,304.48999,642200
2013-10-23,302.48999,303.660004,296.309998,299.790009,299.790009,527100
2013-10-24,301.019989,307.140015,300.519989,304.420013,304.420013,547100
2013-10-25,305.100006,306.809998,299.170013,302.23999,302.23999,448900
2013-10-28,302.899994,308.690002,301.309998,302.959991,302.959991,537700
2013-10-29,301.450012,302.51001,290.679993,298.529999,298.529999,775900
2013-10-30,300.0,301.209991,289.01001,291.170013,291.170013,644300
2013-10-31,291.859985,295.480011,287.109985,287.600006,287.600006,530000
2013-11-01,290.809998,291.98999,284.0,285.790009,285.790009,499000
2013-11-04,285.940002,290.98999,280.720001,281.700012,281.700012,800600
2013-11-05,297.51001,305.670013,289.309998,302.320007,302.320007,2034000
2013-11-06,304.0,304.850006,287.940002,288.269989,288.269989,1119200
2013-11-07,290.279999,290.609985,271.0,276.98999,276.98999,1416200
2013-11-08,277.299988,287.619995,277.299988,283.070007,283.070007,747200
2013-11-11,283.859985,285.26001,274.0,279.200012,279.200012,747900
2013-11-12,276.920013,287.48999,276.0,286.890015,286.890015,783900
2013-11-13,282.0,282.98999,274.01001,277.200012,277.200012,1461700
2013-11-14,278.959991,297.0,273.76001,288.829987,288.829987,1518300
2013-11-15,290.48999,290.48999,276.290009,280.0,280.0,992200
2013-11-18,280.0,282.880005,272.920013,274.369995,274.369995,537100
2013-11-19,273.040009,276.0,268.01001,273.790009,273.790009,1054100
2013-11-20,274.920013,282.980011,273.26001,274.679993,274.679993,552700
2013-11-21,276.0,281.980011,275.079987,276.410004,276.410004,538300
2013-11-22,286.0,294.779999,280.630005,293.679993,293.679993,1108800
2013-11-25,296.959991,297.160004,289.0,294.100006,294.100006,614300
2013-11-26,295.850006,296.540009,292.0,295.119995,295.119995,684700
2013-11-27,295.040009,295.440002,288.959991,292.880005,292.880005,482200
2013-11-29,291.859985,297.0,291.859985,293.859985,293.859985,327800
2013-12-02,292.410004,297.589996,289.279999,296.690002,296.690002,562700
2013-12-03,294.359985,296.25,286.200012,287.5,287.5,747400
2013-12-04,285.329987,292.130005,284.519989,287.26001,287.26001,602700
2013-12-05,287.809998,289.649994,282.950012,283.200012,283.200012,497100
2013-12-06,285.649994,287.019989,279.25,282.73999,282.73999,652900
2013-12-09,284.519989,287.5,277.519989,279.48999,279.48999,779000
2013-12-10,276.98999,282.380005,274.149994,277.5,277.5,656600
2013-12-11,277.170013,280.0,269.100006,270.019989,270.019989,775000
2013-12-12,269.529999,277.109985,269.0,274.0,274.0,684700
2013-12-13,275.609985,275.609985,265.25,269.589996,269.589996,922900
2013-12-16,269.290009,277.140015,268.279999,268.450012,268.450012,704100
2013-12-17,269.529999,270.399994,261.700012,261.880005,261.880005,861300
2013-12-18,261.660004,272.029999,257.690002,271.720001,271.720001,1065900
2013-12-19,270.170013,270.950012,264.350006,270.549988,270.549988,748400
2013-12-20,271.089996,279.23999,268.290009,278.690002,278.690002,1379700
2013-12-23,279.880005,283.369995,275.559998,278.01001,278.01001,654200
2013-12-24,278.100006,279.899994,273.0,275.690002,275.690002,230400
2013-12-26,276.100006,280.970001,275.899994,278.640015,278.640015,371300
2013-12-27,278.869995,279.609985,275.279999,277.040009,277.040009,343800
2013-12-30,275.670013,279.829987,273.0,278.079987,278.079987,427100
2013-12-31,277.100006,278.320007,273.850006,275.23999,275.23999,569800
2014-01-02,275.769989,277.600006,269.73999,274.589996,274.589996,553000
2014-01-03,274.519989,276.829987,271.209991,271.75,271.75,392000
2014-01-06,270.910004,273.809998,266.5,268.859985,268.859985,759200
2014-01-07,269.130005,275.809998,266.059998,274.070007,274.070007,777000
2014-01-08,273.290009,277.829987,272.01001,273.5,273.5,943800
2014-01-09,275.640015,275.640015,266.410004,267.619995,267.619995,888900
2014-01-10,268.089996,274.519989,262.970001,274.380005,274.380005,923400
2014-01-13,275.609985,281.269989,266.429993,268.679993,268.679993,942700
2014-01-14,269.609985,304.420013,265.299988,300.320007,300.320007,2257600
2014-01-15,291.970001,295.880005,286.019989,287.48999,287.48999,1341200
2014-01-16,287.720001,292.75,286.119995,290.480011,290.480011,892100
2014-01-17,290.920013,299.0,289.220001,292.0,292.0,1001100
2014-01-21,293.820007,296.579987,291.0,295.700012,295.700012,981700
2014-01-22,296.660004,298.730011,292.0,295.380005,295.380005,590800
2014-01-23,293.0,293.869995,285.609985,291.589996,291.589996,754700
2014-01-24,288.079987,288.529999,279.01001,279.609985,279.609985,745300
2014-01-27,279.700012,281.720001,267.559998,270.73999,270.73999,1121400
2014-01-28,273.029999,280.0,273.0,278.670013,278.670013,830200
2014-01-29,277.630005,286.720001,276.049988,281.540009,281.540009,1059500
2014-01-30,287.630005,294.98999,284.619995,292.970001,292.970001,980000
2014-01-31,286.799988,294.0,286.109985,288.589996,288.589996,769200
2014-02-03,288.910004,292.940002,278.579987,283.809998,283.809998,1029100
2014-02-04,285.339996,288.5,281.450012,287.230011,287.230011,855800
2014-02-05,286.290009,288.429993,274.019989,281.899994,281.899994,1043200
2014-02-06,281.890015,288.269989,281.890015,287.029999,287.029999,660900
2014-02-07,287.119995,300.100006,284.320007,299.790009,299.790009,1065100
2014-02-10,304.0,307.0,297.48999,304.0,304.0,1486800
2014-02-11,311.0,327.540009,301.079987,326.519989,326.519989,3078800
2014-02-12,326.0,331.640015,317.230011,320.380005,320.380005,2029300
2014-02-13,314.160004,327.910004,314.109985,326.980011,326.980011,1154400
2014-02-14,328.0,328.98999,317.600006,323.98999,323.98999,1150000
2014-02-18,324.690002,334.829987,324.339996,332.779999,332.779999,1255700
2014-02-19,328.859985,331.73999,323.019989,324.359985,324.359985,952300
2014-02-20,324.309998,328.940002,323.149994,327.619995,327.619995,950800
2014-02-21,328.75,340.23999,326.700012,334.980011,334.980011,1535900
2014-02-24,340.01001,348.25,337.0,347.619995,347.619995,1260800
2014-02-25,346.440002,347.779999,336.75,339.859985,339.859985,1234300
2014-02-26,343.329987,343.480011,334.589996,336.480011,336.480011,838600
2014-02-27,335.0,342.200012,334.049988,338.540009,338.540009,781200
2014-02-28,339.660004,343.380005,322.579987,332.5,332.5,1316800
2014-03-03,328.089996,341.339996,327.019989,339.51001,339.51001,1173700
2014-03-04,343.980011,348.880005,342.23999,345.609985,345.609985,678400
2014-03-05,348.299988,350.570007,344.100006,345.48999,345.48999,692100
2014-03-06,347.089996,352.48999,338.01001,338.450012,338.450012,1348700
2014-03-07,341.829987,343.5,304.200012,328.109985,328.109985,4580900
2014-03-10,328.429993,332.75,324.700012,329.200012,329.200012,939700
2014-03-11,330.25,337.0,327.980011,328.769989,328.769989,806500
2014-03-12,326.079987,340.089996,324.040009,339.75,339.75,1086600
2014-03-13,339.799988,342.559998,326.5,328.070007,328.070007,932100
2014-03-14,326.970001,333.299988,326.0,329.5,329.5,813200
2014-03-17,336.059998,337.0,327.059998,328.089996,328.089996,1049200
2014-03-18,329.5,335.950012,329.019989,333.140015,333.140015,1056500
2014-03-19,332.720001,334.940002,325.820007,329.329987,329.329987,583200
2014-03-20,327.660004,331.670013,325.579987,328.690002,328.690002,520600
2014-03-21,328.570007,334.359985,309.890015,310.790009,310.790009,2847400
2014-03-24,313.570007,314.649994,298.480011,306.369995,306.369995,1747100
2014-03-25,307.320007,317.399994,301.579987,308.869995,308.869995,1606700
2014-03-26,311.140015,317.820007,307.109985,308.429993,308.429993,1390700
2014-03-27,307.660004,316.5,302.869995,311.859985,311.859985,1272300
2014-03-28,313.109985,316.0,299.51001,300.089996,300.089996,1538300
2014-03-31,303.179993,306.470001,296.609985,300.279999,300.279999,1061300
2014-04-01,304.76001,313.380005,303.059998,306.880005,306.880005,1100700
2014-04-02,309.640015,316.0,300.369995,306.890015,306.890015,903100
2014-04-03,306.26001,306.5,293.5,298.600006,298.600006,1244400
2014-04-04,300.679993,301.839996,285.220001,285.339996,285.339996,1365300
2014-04-07,280.320007,292.290009,279.040009,287.190002,287.190002,1425400
2014-04-08,287.119995,289.01001,278.26001,286.440002,286.440002,1191500
2014-04-09,289.109985,306.959991,287.01001,306.26001,306.26001,1622000
2014-04-10,304.600006,304.98999,291.670013,293.619995,293.619995,1459800
2014-04-11,290.369995,299.23999,286.670013,288.359985,288.359985,1197300
2014-04-14,290.609985,297.0,284.109985,290.01001,290.01001,768500
2014-04-15,289.5,293.029999,276.899994,288.079987,288.079987,1100400
2014-04-16,293.450012,301.0,291.75,300.140015,300.140015,972900
2014-04-17,300.450012,304.959991,296.019989,296.73999,296.73999,607200
2014-04-21,299.059998,302.459991,296.029999,302.0,302.0,452700
2014-04-22,302.76001,313.5,302.149994,311.679993,311.679993,736100
2014-04-23,312.359985,312.880005,301.869995,303.079987,303.079987,609800
2014-04-24,305.769989,306.700012,291.359985,293.429993,293.429993,1022000
2014-04-25,291.600006,293.170013,283.459991,284.420013,284.420013,1074800
2014-04-28,286.450012,288.079987,273.230011,281.26001,281.26001,1247100
2014-04-29,282.799988,300.200012,281.790009,299.579987,299.579987,1151900
2014-04-30,294.26001,300.820007,292.019989,296.890015,296.890015,682900
2014-05-01,297.100006,300.230011,292.459991,299.079987,299.079987,653100
2014-05-02,299.959991,300.179993,291.880005,293.589996,293.589996,507600
2014-05-05,291.730011,299.859985,289.730011,298.980011,298.980011,805800
2014-05-06,298.290009,299.869995,290.5,290.829987,290.829987,765400
2014-05-07,291.51001,294.48999,283.559998,286.660004,286.660004,1075400
2014-05-08,278.339996,291.660004,278.0,281.200012,281.200012,1182900
2014-05-09,281.450012,283.140015,276.01001,279.410004,279.410004,877200
2014-05-12,280.809998,292.600006,280.160004,291.390015,291.390015,757300
2014-05-13,290.910004,290.910004,283.029999,283.450012,283.450012,771300
2014-05-14,281.029999,291.679993,280.070007,287.380005,287.380005,665800
2014-05-15,286.640015,291.309998,281.309998,289.600006,289.600006,783600
2014-05-16,289.730011,296.549988,285.649994,295.429993,295.429993,948400
2014-05-19,294.600006,303.320007,290.119995,302.140015,302.140015,855800
2014-05-20,298.019989,299.559998,291.730011,292.769989,292.769989,733100
2014-05-21,294.190002,296.640015,289.700012,291.0,291.0,495000
2014-05-22,292.5,302.019989,290.350006,298.279999,298.279999,585000
2014-05-23,299.559998,299.559998,293.630005,297.769989,297.769989,503900
2014-05-27,299.540009,308.230011,298.649994,307.940002,307.940002,713300
2014-05-28,308.559998,311.690002,304.160004,304.859985,304.859985,469800
2014-05-29,305.269989,308.570007,303.700012,306.220001,306.220001,629100
2014-05-30,308.48999,308.48999,303.549988,306.959991,306.959991,582800
2014-06-02,308.700012,313.480011,303.559998,309.269989,309.269989,529000
2014-06-03,306.269989,311.690002,305.350006,310.809998,310.809998,472900
2014-06-04,308.0,312.790009,307.51001,311.890015,311.890015,490900
2014-06-05,312.880005,314.25,308.170013,308.540009,308.540009,570000
2014-06-06,312.209991,312.880005,307.0,311.209991,311.209991,496700
2014-06-09,312.299988,320.0,311.609985,313.73999,313.73999,744300
2014-06-10,312.809998,316.0,306.929993,309.470001,309.470001,562100
2014-06-11,308.0,313.519989,305.799988,310.23999,310.23999,521800
2014-06-12,309.149994,315.619995,307.920013,310.470001,310.470001,452100
2014-06-13,310.679993,311.690002,305.660004,306.269989,306.269989,389600
2014-06-16,307.809998,311.549988,305.959991,308.399994,308.399994,438100
2014-06-17,307.920013,309.309998,302.5,302.619995,302.619995,574900
2014-06-18,301.98999,305.820007,301.209991,305.299988,305.299988,552100
2014-06-19,309.959991,309.959991,296.01001,297.690002,297.690002,928600
2014-06-20,297.0,297.720001,282.519989,285.25,285.25,2651600
2014-06-23,285.0,285.049988,275.019989,280.220001,280.220001,1647100
2014-06-24,280.230011,287.309998,276.720001,278.109985,278.109985,1163200
2014-06-25,278.73999,285.549988,277.700012,280.880005,280.880005,1108800
2014-06-26,281.149994,281.970001,278.51001,279.799988,279.799988,1076100
2014-06-27,280.0,281.950012,269.5,277.290009,277.290009,1623200
2014-06-30,277.290009,284.920013,273.980011,282.470001,282.470001,1330700
2014-07-01,285.5,304.410004,285.059998,303.390015,303.390015,1774600
2014-07-02,302.470001,312.119995,298.290009,308.540009,308.540009,1335400
2014-07-03,308.160004,313.0,308.160004,311.160004,311.160004,636700
2014-07-07,312.089996,315.709991,309.660004,311.570007,311.570007,863100
2014-07-08,311.25,315.940002,308.679993,310.519989,310.519989,1045600
2014-07-09,310.440002,313.0,303.600006,310.929993,310.929993,1002600
2014-07-10,312.980011,315.329987,305.059998,314.48999,314.48999,1158100
2014-07-11,314.980011,318.869995,310.75,316.109985,316.109985,954700
2014-07-14,318.850006,320.079987,313.829987,317.950012,317.950012,700000
2014-07-15,318.350006,319.950012,309.730011,312.149994,312.149994,1194600
2014-07-16,315.100006,315.25,305.100006,306.119995,306.119995,710500
2014-07-17,303.089996,305.829987,295.76001,296.410004,296.410004,832800
2014-07-18,298.519989,306.369995,298.519989,305.920013,305.920013,785200
2014-07-21,306.200012,307.790009,302.459991,303.730011,303.730011,562200
2014-07-22,305.51001,309.670013,304.660004,306.019989,306.019989,515600
2014-07-23,311.390015,314.049988,307.220001,310.269989,310.269989,522900
2014-07-24,310.399994,311.5,303.019989,304.440002,304.440002,605000
2014-07-25,303.459991,305.01001,300.220001,303.089996,303.089996,369100
2014-07-28,302.25,303.619995,299.730011,302.160004,302.160004,532100
2014-07-29,303.839996,307.660004,301.679993,304.51001,304.51001,295200
2014-07-30,328.549988,336.940002,315.0,322.179993,322.179993,2373700
2014-07-31,319.660004,320.519989,310.690002,316.220001,316.220001,1190100
2014-08-01,323.73999,329.320007,320.429993,324.309998,324.309998,1525300
2014-08-04,325.859985,328.470001,321.089996,325.440002,325.440002,1176800
2014-08-05,316.809998,337.950012,314.0,333.200012,333.200012,1642100
2014-08-06,331.200012,341.709991,330.5,340.690002,340.690002,1025800
2014-08-07,342.140015,342.980011,337.25,338.730011,338.730011,626600
2014-08-08,338.0,341.0,336.049988,338.320007,338.320007,627500
2014-08-11,340.269989,341.619995,335.890015,338.809998,338.809998,508300
2014-08-12,338.440002,339.839996,335.23999,338.149994,338.149994,415800
2014-08-13,339.119995,344.0,338.220001,343.059998,343.059998,624400
2014-08-14,342.269989,348.100006,341.859985,347.73999,347.73999,566400
2014-08-15,347.790009,351.5,343.850006,348.619995,348.619995,549300
2014-08-18,350.799988,353.049988,349.070007,349.459991,349.459991,510000
2014-08-19,349.940002,351.420013,345.089996,346.790009,346.790009,467700
2014-08-20,345.220001,349.380005,344.089996,345.279999,345.279999,352600
2014-08-21,347.0,347.0,341.109985,341.51001,341.51001,389700
2014-08-22,342.100006,344.700012,339.100006,340.790009,340.790009,448600
2014-08-25,347.940002,349.5,342.220001,347.910004,347.910004,448800
2014-08-26,349.51001,354.790009,348.440002,354.049988,354.049988,668600
2014-08-27,354.269989,354.269989,348.390015,350.01001,350.01001,439500
2014-08-28,348.929993,351.420013,346.470001,346.920013,346.920013,401800
2014-08-29,349.100006,350.73999,346.200012,350.459991,350.459991,525500
2014-09-02,367.0,369.309998,359.230011,359.5,359.5,1515800
2014-09-03,362.299988,364.559998,359.809998,361.899994,361.899994,602300
2014-09-04,362.959991,362.980011,351.230011,352.079987,352.079987,653000
2014-09-05,352.019989,353.559998,343.470001,350.660004,350.660004,834900
2014-09-08,349.429993,351.0,343.179993,348.100006,348.100006,652000
2014-09-09,347.5,347.769989,343.399994,346.390015,346.390015,609900
2014-09-10,346.079987,355.200012,345.070007,354.320007,354.320007,663600
2014-09-11,352.660004,353.109985,347.01001,350.339996,350.339996,381100
2014-09-12,349.410004,349.829987,344.049988,346.059998,346.059998,573500
2014-09-15,347.070007,347.5,340.390015,346.029999,346.029999,539400
2014-09-16,346.820007,356.209991,345.0,355.470001,355.470001,821400
2014-09-17,357.299988,360.890015,354.290009,359.100006,359.100006,659700
2014-09-18,359.839996,362.899994,357.25,362.73999,362.73999,550300
2014-09-19,365.589996,365.589996,357.290009,358.920013,358.920013,2635000
2014-09-22,358.0,360.170013,355.380005,359.920013,359.920013,743900
2014-09-23,357.420013,361.230011,355.329987,357.220001,357.220001,953000
2014-09-24,357.220001,365.329987,357.059998,364.410004,364.410004,639500
2014-09-25,363.350006,364.709991,354.0,355.540009,355.540009,692100
2014-09-26,357.230011,359.0,351.480011,358.179993,358.179993,692500
2014-09-29,355.019989,358.100006,351.549988,354.959991,354.959991,357400
2014-09-30,355.790009,361.700012,353.109985,360.519989,360.519989,1003900
2014-10-01,363.950012,363.950012,352.910004,355.609985,355.609985,668900
2014-10-02,355.790009,358.25,353.049988,353.690002,353.690002,666300
2014-10-03,355.540009,362.459991,355.540009,361.600006,361.600006,758000
2014-10-06,363.480011,365.0,356.600006,359.190002,359.190002,453000
2014-10-07,356.98999,359.679993,353.100006,354.209991,354.209991,591700
2014-10-08,353.829987,361.070007,350.790009,360.149994,360.149994,742100
2014-10-09,361.23999,361.26001,352.0,355.040009,355.040009,648900
2014-10-10,353.380005,357.75,343.279999,343.51001,343.51001,753400
2014-10-13,341.890015,344.980011,330.890015,332.100006,332.100006,869100
2014-10-14,334.089996,335.660004,323.799988,328.070007,328.070007,1155200
2014-10-15,324.0,337.029999,320.059998,334.75,334.75,1238100
2014-10-16,326.5,344.480011,326.089996,340.709991,340.709991,937800
2014-10-17,366.98999,376.880005,362.019989,369.640015,369.640015,2470800
2014-10-20,367.790009,369.0,360.100006,366.130005,366.130005,1147200
2014-10-21,370.640015,381.029999,366.140015,381.01001,381.01001,1051200
2014-10-22,380.059998,384.850006,373.339996,384.459991,384.459991,1025700
2014-10-23,387.0,397.350006,386.5,393.959991,393.959991,870300
2014-10-24,396.0,404.600006,393.209991,402.5,402.5,822400
2014-10-27,402.100006,407.880005,397.5,407.160004,407.160004,559900
2014-10-28,408.350006,410.179993,397.119995,397.890015,397.890015,1028200
2014-10-29,397.0,397.890015,385.019989,387.700012,387.700012,1055400
2014-10-30,386.290009,394.649994,386.269989,392.799988,392.799988,709200
2014-10-31,400.149994,400.869995,391.200012,393.720001,393.720001,663100
2014-11-03,395.269989,397.980011,389.119995,395.26001,395.26001,854600
2014-11-04,372.119995,384.429993,368.450012,372.390015,372.390015,1848700
2014-11-05,375.160004,377.98999,365.25,368.51001,368.51001,888400
2014-11-06,371.01001,377.450012,367.779999,376.940002,376.940002,699200
2014-11-07,378.23999,381.0,374.679993,377.839996,377.839996,622200
2014-11-10,379.5,386.859985,376.540009,385.970001,385.970001,541100
2014-11-11,390.089996,400.0,387.190002,398.359985,398.359985,1156800
2014-11-12,396.200012,402.049988,395.809998,401.109985,401.109985,623400
2014-11-13,400.0,402.799988,395.100006,402.630005,402.630005,703700
2014-11-14,402.420013,402.869995,392.309998,395.200012,395.200012,789900
2014-11-17,396.029999,408.290009,395.200012,399.649994,399.649994,887700
2014-11-18,399.98999,414.670013,399.179993,413.220001,413.220001,977700
2014-11-19,411.359985,419.269989,408.359985,415.25,415.25,631100
2014-11-20,413.209991,417.859985,405.959991,406.0,406.0,645900
2014-11-21,415.269989,416.0,403.290009,405.25,405.25,890700
2014-11-24,405.660004,411.970001,405.279999,409.75,409.75,655800
2014-11-25,416.369995,416.48999,408.480011,413.0,413.0,818600
2014-11-26,413.929993,415.950012,412.079987,415.839996,415.839996,443700
2014-11-28,416.0,418.0,414.540009,416.109985,416.109985,336900
2014-12-01,413.980011,414.799988,407.98999,408.720001,408.720001,638900
2014-12-02,411.0,422.820007,409.899994,421.23999,421.23999,687000
2014-12-03,422.220001,425.279999,415.519989,424.410004,424.410004,488700
2014-12-04,423.429993,427.779999,420.73999,423.209991,423.209991,657300
2014-12-05,424.769989,424.98999,420.859985,423.230011,423.230011,453300
2014-12-08,423.399994,437.640015,421.829987,434.950012,434.950012,579800
2014-12-09,428.269989,436.079987,425.420013,432.670013,432.670013,860800
2014-12-10,433.149994,435.779999,421.26001,422.929993,422.929993,568900
2014-12-11,425.690002,432.220001,423.519989,424.350006,424.350006,501000
2014-12-12,420.179993,427.100006,416.0,416.440002,416.440002,575700
2014-12-15,419.950012,421.890015,397.820007,401.01001,401.01001,1026100
2014-12-16,394.73999,411.160004,388.160004,396.130005,396.130005,927500
2014-12-17,398.399994,411.570007,396.130005,410.98999,410.98999,668800
2014-12-18,415.48999,424.440002,412.399994,423.790009,423.790009,733800
2014-12-19,423.130005,432.459991,420.529999,427.640015,427.640015,1386900
2014-12-22,421.0,422.799988,410.149994,412.970001,412.970001,857400
2014-12-23,410.380005,410.959991,383.869995,394.049988,394.049988,2133900
2014-12-24,392.600006,404.5,392.140015,400.119995,400.119995,641600
2014-12-26,403.450012,414.839996,402.119995,413.480011,413.480011,722500
2014-12-29,412.820007,414.959991,405.359985,413.869995,413.869995,652500
2014-12-30,413.630005,416.980011,406.51001,408.339996,408.339996,464700
2014-12-31,410.570007,416.98999,408.570007,410.25,410.25,759900
2015-01-02,413.899994,419.149994,407.5,410.160004,410.160004,765900
2015-01-05,414.26001,419.410004,409.040009,412.470001,412.470001,882800
2015-01-06,414.390015,420.75,396.549988,396.890015,396.890015,1262400
2015-01-07,402.790009,408.679993,398.5,407.720001,407.720001,880600
2015-01-08,411.570007,412.98999,401.160004,403.25,403.25,1184500
2015-01-09,409.779999,419.190002,404.160004,411.040009,411.040009,1207600
2015-01-12,414.019989,419.440002,409.5,413.329987,413.329987,664500
2015-01-13,417.730011,425.48999,402.519989,406.48999,406.48999,1438200
2015-01-14,403.119995,408.519989,401.420013,404.309998,404.309998,968600
2015-01-15,405.480011,407.220001,395.559998,397.119995,397.119995,982900
2015-01-16,398.179993,409.700012,395.660004,408.690002,408.690002,1036700
2015-01-20,410.779999,422.529999,405.149994,421.109985,421.109985,803000
2015-01-21,418.149994,423.910004,412.01001,418.109985,418.109985,687400
2015-01-22,418.970001,421.290009,406.5,420.809998,420.809998,589500
2015-01-23,421.059998,422.910004,414.589996,420.209991,420.209991,387600
2015-01-26,419.910004,427.450012,417.01001,423.769989,423.769989,453600
2015-01-27,417.230011,422.070007,413.649994,415.73999,415.73999,704800
2015-01-28,417.640015,420.600006,407.5,408.0,408.0,641000
2015-01-29,408.679993,415.5,401.170013,414.640015,414.640015,583500
2015-01-30,410.880005,424.73999,410.600006,416.660004,416.660004,1060000
2015-02-02,419.790009,420.98999,407.640015,413.089996,413.089996,637700
2015-02-03,416.519989,416.519989,398.709991,409.200012,409.200012,933100
2015-02-04,400.470001,407.890015,393.0,401.359985,401.359985,1195100
2015-02-05,403.549988,415.470001,403.170013,413.869995,413.869995,760300
2015-02-06,413.470001,414.470001,405.26001,406.859985,406.859985,625600
2015-02-09,407.549988,409.149994,397.700012,399.720001,399.720001,1023800
2015-02-10,402.649994,407.76001,394.01001,400.709991,400.709991,1580900
2015-02-11,399.5,406.899994,398.809998,398.98999,398.98999,690500
2015-02-12,401.0,405.200012,396.619995,401.73999,401.73999,660900
2015-02-13,404.540009,406.5,397.600006,402.399994,402.399994,802700
2015-02-17,402.0,406.5,400.75,404.179993,404.179993,731100
2015-02-18,404.480011,408.410004,400.51001,405.799988,405.799988,478700
2015-02-19,408.5,428.470001,407.48999,426.600006,426.600006,1451000
2015-02-20,425.0,428.230011,421.160004,423.779999,423.779999,886600
2015-02-23,423.920013,432.380005,423.5,425.109985,425.109985,865500
2015-02-24,426.359985,426.549988,415.769989,420.640015,420.640015,723400
2015-02-25,420.160004,427.0,417.0,423.040009,423.040009,764700
2015-02-26,425.0,427.929993,416.200012,419.869995,419.869995,690400
2015-02-27,421.040009,421.070007,411.040009,413.839996,413.839996,811000
2015-03-02,416.279999,419.600006,414.170013,418.440002,418.440002,613400
2015-03-03,418.579987,418.820007,406.850006,412.51001,412.51001,586600
2015-03-04,409.170013,415.880005,408.209991,413.040009,413.040009,590500
2015-03-05,414.929993,430.670013,414.209991,428.950012,428.950012,1165800
2015-03-06,428.670013,431.690002,421.149994,422.130005,422.130005,744600
2015-03-09,424.440002,430.98999,420.149994,426.869995,426.869995,703000
2015-03-10,424.0,427.809998,420.779999,422.839996,422.839996,693100
2015-03-11,425.779999,429.869995,424.029999,424.549988,424.549988,730800
2015-03-12,427.390015,427.440002,422.209991,425.160004,425.160004,541200
2015-03-13,425.0,435.0,424.5,429.380005,429.380005,807900
2015-03-16,436.559998,452.359985,436.559998,451.769989,451.769989,1608700
2015-03-17,450.019989,468.5,447.320007,467.799988,467.799988,1705400
2015-03-18,465.079987,475.950012,461.320007,472.109985,472.109985,996100
2015-03-19,475.089996,486.630005,472.450012,486.019989,486.019989,1142400
2015-03-20,493.320007,495.5,476.26001,488.869995,488.869995,1582200
2015-03-23,480.829987,481.880005,471.109985,478.320007,478.320007,1072600
2015-03-24,478.359985,482.980011,473.119995,473.73999,473.73999,839700
2015-03-25,474.480011,478.73999,452.01001,453.98999,453.98999,1415800
2015-03-26,448.0,457.720001,441.869995,448.380005,448.380005,1132900
2015-03-27,449.480011,460.119995,448.040009,454.5,454.5,855900
2015-03-30,459.049988,462.589996,453.109985,459.779999,459.779999,640600
2015-03-31,456.230011,464.519989,450.019989,451.480011,451.480011,884200
2015-04-01,450.0,450.0,433.470001,441.179993,441.179993,1501000
2015-04-02,443.179993,444.790009,434.429993,438.269989,438.269989,797800
2015-04-06,434.25,445.75,434.01001,440.230011,440.230011,631800
2015-04-07,440.190002,454.200012,440.190002,441.649994,441.649994,507300
2015-04-08,444.369995,458.940002,440.049988,453.190002,453.190002,563000
2015-04-09,452.329987,458.440002,449.51001,455.040009,455.040009,465100
2015-04-10,456.630005,463.470001,454.420013,461.390015,461.390015,587600
2015-04-13,460.940002,469.899994,456.570007,456.980011,456.980011,479300
2015-04-14,455.940002,458.859985,449.019989,455.070007,455.070007,443700
2015-04-15,457.0,457.0,445.01001,453.890015,453.890015,616400
2015-04-16,454.549988,458.299988,452.970001,457.420013,457.420013,603700
2015-04-17,451.579987,455.779999,442.600006,447.519989,447.519989,677000
2015-04-20,449.820007,455.880005,445.390015,452.420013,452.420013,346600
2015-04-21,454.75,463.730011,450.019989,463.220001,463.220001,1177500
2015-04-22,464.920013,477.100006,463.839996,472.630005,472.630005,977700
2015-04-23,478.0,482.0,475.070007,480.079987,480.079987,1070600
2015-04-24,479.160004,486.0,475.019989,480.089996,480.089996,909000
2015-04-27,483.609985,485.75,467.200012,473.480011,473.480011,1112700
2015-04-28,474.529999,477.549988,459.0,466.339996,466.339996,909600
2015-04-29,463.869995,473.589996,461.109985,469.700012,469.700012,808100
2015-04-30,467.279999,471.220001,451.589996,457.459991,457.459991,683200
2015-05-01,463.019989,474.970001,462.450012,471.160004,471.160004,710800
2015-05-04,473.450012,477.730011,470.540009,474.170013,474.170013,592100
2015-05-05,472.160004,473.100006,462.290009,465.5,465.5,552700
2015-05-06,469.160004,478.0,465.809998,470.01001,470.01001,844700
2015-05-07,480.01001,482.98999,462.0,468.619995,468.619995,1340400
2015-05-08,470.0,484.850006,470.0,481.290009,481.290009,1415200
2015-05-11,484.26001,488.0,476.619995,477.559998,477.559998,640800
2015-05-12,474.98999,480.950012,465.26001,479.399994,479.399994,680800
2015-05-13,479.670013,480.269989,473.0,477.459991,477.459991,609800
2015-05-14,481.660004,492.220001,474.0,491.429993,491.429993,787700
2015-05-15,495.0,498.48999,486.230011,489.01001,489.01001,466800
2015-05-18,488.01001,500.359985,487.809998,496.73999,496.73999,707200
2015-05-19,495.51001,506.25,493.309998,504.149994,504.149994,710800
2015-05-20,507.5,516.809998,503.420013,512.77002,512.77002,822500
2015-05-21,513.090027,518.200012,510.200012,516.0,516.0,864100
2015-05-22,513.73999,519.460022,513.5,513.880005,513.880005,771400
2015-05-26,511.799988,514.450012,503.160004,506.630005,506.630005,774100
2015-05-27,509.049988,515.799988,505.549988,515.369995,515.369995,625700
2015-05-28,512.109985,514.320007,509.459991,512.119995,512.119995,702500
2015-05-29,509.51001,517.179993,509.450012,512.559998,512.559998,763500
2015-06-01,517.080017,517.080017,505.119995,513.809998,513.809998,551200
2015-06-02,511.25,512.950012,505.25,508.899994,508.899994,641600
2015-06-03,509.640015,514.909973,508.779999,514.219971,514.219971,627900
2015-06-04,510.839996,519.799988,510.190002,518.619995,518.619995,816700
2015-06-05,519.400024,539.799988,516.849976,539.400024,539.400024,1205600
2015-06-08,540.97998,544.0,525.559998,526.090027,526.090027,1025900
2015-06-09,526.090027,526.090027,526.090027,526.090027,526.090027,12100
2015-06-10,505.730011,513.72998,498.600006,512.320007,512.320007,1810900
2015-06-11,513.289978,514.849976,499.899994,501.100006,501.100006,1115600
2015-06-12,499.440002,500.779999,490.869995,492.290009,492.290009,982800
2015-06-15,490.109985,499.899994,482.920013,499.059998,499.059998,1302600
2015-06-16,498.179993,505.149994,497.070007,501.76001,501.76001,639000
2015-06-17,501.76001,515.0,501.76001,512.890015,512.890015,851800
2015-06-18,515.109985,533.169983,514.97998,527.969971,527.969971,997300
2015-06-19,531.640015,534.77002,520.960022,522.280029,522.280029,1150900
2015-06-22,526.849976,532.0,518.0,520.710022,520.710022,750800
2015-06-23,522.159973,523.630005,514.0,521.049988,521.049988,474500
2015-06-24,519.01001,522.22998,513.429993,516.590027,516.590027,454900
2015-06-25,517.969971,525.950012,516.599976,519.23999,519.23999,482900
2015-06-26,522.530029,524.719971,513.659973,520.630005,520.630005,408200
2015-06-29,514.590027,520.5,504.519989,504.970001,504.970001,599900
2015-06-30,512.200012,514.799988,505.619995,510.130005,510.130005,635800
2015-07-01,515.22998,516.049988,504.329987,506.51001,506.51001,527700
2015-07-02,509.5,512.5,505.290009,511.079987,511.079987,374700
2015-07-06,505.459991,519.659973,505.109985,512.23999,512.23999,457600
2015-07-07,515.73999,517.890015,507.5,517.609985,517.609985,457500
2015-07-08,515.539978,518.440002,508.279999,509.299988,509.299988,405900
2015-07-09,505.149994,513.179993,503.640015,509.029999,509.029999,650700
2015-07-10,514.5,526.22998,509.149994,526.01001,526.01001,723500
2015-07-13,532.280029,539.5,531.950012,536.210022,536.210022,812700
2015-07-14,537.0,544.859985,536.109985,542.900024,542.900024,597200
2015-07-15,546.960022,551.929993,540.429993,543.380005,543.380005,466700
2015-07-16,547.0,552.0,542.429993,551.530029,551.530029,436800
2015-07-17,552.619995,552.97998,545.5,551.97998,551.97998,489000
2015-07-20,555.0,569.909973,552.340027,561.169983,561.169983,935500
2015-07-21,560.0,563.299988,553.559998,560.0,560.0,560100
2015-07-22,557.580017,563.22998,553.780029,556.530029,556.530029,770500
2015-07-23,558.190002,559.780029,553.140015,556.609985,556.609985,492500
2015-07-24,550.51001,558.0,533.51001,541.849976,541.849976,933400
2015-07-27,538.73999,543.0,530.349976,540.030029,540.030029,658300
2015-07-28,553.299988,559.650024,545.0,552.450012,552.450012,872000
2015-07-29,555.22998,558.659973,540.02002,546.27002,546.27002,648500
2015-07-30,545.630005,550.25,536.02002,547.099976,547.099976,557000
2015-07-31,551.289978,558.5,547.849976,553.659973,553.659973,500400
2015-08-03,558.469971,561.309998,546.0,554.27002,554.27002,701700
2015-08-04,586.0,605.929993,578.210022,580.940002,580.940002,1939800
2015-08-05,584.299988,595.890015,581.380005,592.400024,592.400024,730500
2015-08-06,593.659973,593.659973,579.0,582.469971,582.469971,726700
2015-08-07,586.0,586.0,574.25,579.039978,579.039978,793900
2015-08-10,584.669983,591.840027,580.880005,581.0,581.0,640300
2015-08-11,577.77002,583.380005,565.75,566.98999,566.98999,760900
2015-08-12,561.849976,580.880005,555.5,579.25,579.25,856000
2015-08-13,578.890015,585.789978,572.900024,574.099976,574.099976,515700
2015-08-14,572.900024,579.349976,568.960022,576.299988,576.299988,491500
2015-08-17,574.72998,578.570007,571.590027,576.76001,576.76001,444700
2015-08-18,578.950012,579.97998,569.099976,569.669983,569.669983,581200
2015-08-19,567.320007,575.119995,562.0,568.909973,568.909973,477200
2015-08-20,561.330017,567.859985,546.01001,546.650024,546.650024,790400
2015-08-21,537.75,557.190002,525.22998,527.179993,527.179993,1501700
2015-08-24,498.0,526.099976,480.5,504.579987,504.579987,1757000
2015-08-25,520.940002,528.380005,496.529999,499.019989,499.019989,1235200
2015-08-26,513.219971,535.869995,506.25,535.469971,535.469971,1064500
2015-08-27,540.0,547.51001,526.650024,538.0,538.0,759500
2015-08-28,530.390015,543.119995,530.159973,536.700012,536.700012,507800
2015-08-31,526.26001,534.719971,511.869995,513.5,513.5,835300
2015-09-01,499.290009,510.98999,494.290009,496.420013,496.420013,899200
2015-09-02,503.709991,518.98999,493.75,518.780029,518.780029,748500
2015-09-03,523.450012,523.640015,506.829987,508.51001,508.51001,608100
2015-09-04,500.51001,507.970001,498.980011,499.98999,499.98999,806700
2015-09-08,514.880005,543.190002,510.130005,542.76001,542.76001,1242200
2015-09-09,549.280029,549.98999,520.289978,527.349976,527.349976,567700
2015-09-10,525.659973,536.429993,524.359985,531.219971,531.219971,522500
2015-09-11,528.409973,533.299988,524.72998,533.299988,533.299988,518800
2015-09-14,533.469971,535.039978,524.859985,531.400024,531.400024,345000
2015-09-15,531.400024,542.98999,527.01001,541.450012,541.450012,464500
2015-09-16,541.0,545.0,533.619995,540.98999,540.98999,447600
2015-09-17,538.02002,556.309998,537.950012,550.969971,550.969971,818600
2015-09-18,547.98999,554.0,542.98999,550.359985,550.359985,1191600
2015-09-21,551.549988,557.869995,522.119995,529.380005,529.380005,888600
2015-09-22,521.299988,531.440002,519.570007,530.179993,530.179993,924700
2015-09-23,531.48999,541.299988,522.580017,536.5,536.5,990000
2015-09-24,532.01001,534.919983,515.659973,522.0,522.0,1050400
2015-09-25,529.23999,529.5,480.079987,490.670013,490.670013,1522800
2015-09-28,491.01001,492.420013,435.519989,453.980011,453.980011,3128600
2015-09-29,444.589996,477.369995,441.380005,451.820007,451.820007,1621200
2015-09-30,460.579987,474.839996,454.970001,465.140015,465.140015,1452200
2015-10-01,464.01001,473.51001,456.320007,472.970001,472.970001,877100
2015-10-02,458.049988,479.290009,452.149994,479.070007,479.070007,1159600
2015-10-05,484.100006,489.0,464.0,473.140015,473.140015,915000
2015-10-06,468.0,476.890015,448.100006,459.820007,459.820007,1114300
2015-10-07,463.390015,486.079987,456.880005,485.76001,485.76001,1271000
2015-10-08,482.779999,496.679993,468.540009,491.209991,491.209991,840200
2015-10-09,494.019989,504.980011,487.23999,503.920013,503.920013,899300
2015-10-12,521.210022,531.869995,514.27002,526.830017,526.830017,1306600
2015-10-13,518.01001,525.909973,506.959991,508.040009,508.040009,984500
2015-10-14,509.910004,523.0,502.51001,509.279999,509.279999,774700
2015-10-15,509.660004,520.0,505.019989,519.349976,519.349976,735300
2015-10-16,521.789978,522.0,509.059998,514.590027,514.590027,754600
2015-10-19,515.849976,530.659973,513.0,523.559998,523.559998,871000
2015-10-20,522.150024,526.5,510.75,514.669983,514.669983,707800
2015-10-21,521.25,524.52002,500.660004,518.530029,518.530029,868100
2015-10-22,518.119995,528.880005,511.25,525.109985,525.109985,972700
2015-10-23,530.190002,539.109985,525.309998,536.700012,536.700012,804500
2015-10-26,537.700012,550.890015,534.859985,545.869995,545.869995,709600
2015-10-27,545.159973,568.380005,545.159973,567.789978,567.789978,898400
2015-10-28,561.650024,571.159973,553.619995,571.140015,571.140015,890200
2015-10-29,568.559998,578.0,559.0,560.02002,560.02002,693300
2015-10-30,562.330017,565.659973,552.5,557.390015,557.390015,731900
2015-11-02,568.289978,580.97998,560.200012,579.0,579.0,993800
2015-11-03,581.0,581.0,564.5,578.0,578.0,944500
2015-11-04,578.01001,588.049988,549.5,564.0,564.0,1526500
2015-11-05,564.940002,574.25,561.0,564.159973,564.159973,1035500
2015-11-06,561.030029,566.080017,552.890015,562.0,562.0,666200
2015-11-09,560.830017,564.559998,555.820007,558.52002,558.52002,658100
2015-11-10,559.0,565.5,551.01001,564.859985,564.859985,570200
2015-11-11,567.5,571.75,560.150024,566.409973,566.409973,597400
2015-11-12,566.02002,566.369995,551.51001,552.530029,552.530029,579400
2015-11-13,551.190002,557.25,545.119995,548.900024,548.900024,548700
2015-11-16,550.26001,559.179993,545.200012,558.380005,558.380005,574000
2015-11-17,559.440002,573.349976,556.789978,570.909973,570.909973,692000
2015-11-18,571.400024,588.97998,571.400024,587.090027,587.090027,708000
2015-11-19,587.0,592.590027,580.580017,581.349976,581.349976,584800
2015-11-20,583.950012,587.380005,576.590027,579.570007,579.570007,745700
2015-11-23,575.98999,584.590027,567.059998,570.849976,570.849976,856900
2015-11-24,567.049988,569.929993,560.530029,567.469971,567.469971,673900
2015-11-25,567.960022,572.940002,560.0,561.690002,561.690002,774100
2015-11-27,564.080017,566.52002,559.25,563.099976,563.099976,466600
2015-11-30,563.98999,565.679993,540.26001,544.5,544.5,866500
2015-12-01,549.25,550.320007,536.299988,545.73999,545.73999,651400
2015-12-02,545.01001,555.880005,541.200012,546.880005,546.880005,698800
2015-12-03,547.590027,549.98999,534.130005,535.72998,535.72998,748300
2015-12-04,538.090027,559.299988,538.01001,558.659973,558.659973,621600
2015-12-07,559.659973,560.150024,544.559998,546.609985,546.609985,491200
2015-12-08,542.869995,558.0,540.0,556.330017,556.330017,440500
2015-12-09,553.76001,562.859985,543.0,547.390015,547.390015,566000
2015-12-10,547.23999,551.690002,542.549988,548.169983,548.169983,554400
2015-12-11,538.900024,547.5,532.5,534.51001,534.51001,699500
2015-12-14,537.140015,540.429993,527.049988,539.940002,539.940002,630500
2015-12-15,543.419983,557.150024,540.0,556.450012,556.450012,782600
2015-12-16,559.090027,563.789978,547.549988,559.669983,559.669983,741100
2015-12-17,560.0,563.030029,551.200012,551.48999,551.48999,618900
2015-12-18,548.340027,552.030029,542.150024,544.22998,544.22998,1188300
2015-12-21,545.950012,547.090027,528.280029,532.549988,532.549988,863300
2015-12-22,535.590027,539.609985,526.26001,528.340027,528.340027,621800
2015-12-23,531.059998,537.47998,528.409973,535.849976,535.849976,415300
2015-12-24,535.559998,539.849976,534.109985,537.630005,537.630005,169400
2015-12-28,536.450012,540.719971,531.580017,540.280029,540.280029,351000
2015-12-29,542.280029,553.75,541.76001,550.210022,550.210022,519700
2015-12-30,550.539978,551.880005,544.690002,548.190002,548.190002,297400
2015-12-31,542.619995,550.659973,542.619995,542.869995,542.869995,310500
2016-01-04,531.76001,532.909973,507.100006,516.549988,516.549988,1025800
2016-01-05,519.380005,521.780029,504.059998,508.980011,508.980011,889300
2016-01-06,499.0,524.669983,496.0,519.47998,519.47998,887600
2016-01-07,510.5,515.349976,501.910004,501.959991,501.959991,931000
2016-01-08,505.019989,511.309998,490.98999,491.679993,491.679993,793100
2016-01-11,495.049988,498.700012,469.799988,480.820007,480.820007,863000
2016-01-12,486.0,486.98999,452.670013,474.980011,474.980011,1717700
2016-01-13,474.850006,474.850006,451.390015,459.570007,459.570007,1396900
2016-01-14,461.850006,486.519989,453.160004,479.079987,479.079987,1193300
2016-01-15,464.589996,476.23999,456.0,462.950012,462.950012,1350700
2016-01-19,470.200012,474.440002,441.880005,447.019989,447.019989,1219300
2016-01-20,438.529999,468.820007,432.049988,461.950012,461.950012,1229400
2016-01-21,462.160004,469.980011,452.01001,461.570007,461.570007,889900
2016-01-22,469.429993,484.570007,464.230011,482.98999,482.98999,820500
2016-01-25,468.529999,482.269989,465.109985,473.119995,473.119995,920200
2016-01-26,474.399994,474.399994,456.25,463.559998,463.559998,608200
2016-01-27,460.630005,463.23999,431.51001,434.160004,434.160004,1225800
2016-01-28,436.0,436.700012,400.0,415.109985,415.109985,2297300
2016-01-29,415.220001,428.910004,405.059998,420.089996,420.089996,1148200
2016-02-01,417.190002,420.769989,408.420013,418.269989,418.269989,1000200
2016-02-02,412.679993,415.630005,402.230011,409.890015,409.890015,887500
2016-02-03,413.049988,422.48999,392.350006,421.01001,421.01001,1248400
2016-02-04,417.170013,437.529999,408.119995,412.589996,412.589996,1284700
2016-02-05,416.100006,420.529999,393.070007,396.609985,396.609985,1432700
2016-02-08,380.700012,393.640015,376.609985,390.529999,390.529999,1225600
2016-02-09,357.0,388.0,350.26001,365.970001,365.970001,2112300
2016-02-10,370.019989,378.190002,363.0,367.480011,367.480011,1232400
2016-02-11,358.299988,375.980011,357.01001,367.23999,367.23999,941800
2016-02-12,371.359985,379.040009,365.130005,379.01001,379.01001,728200
2016-02-16,386.399994,393.950012,382.220001,391.76001,391.76001,1094000
2016-02-17,393.730011,398.75,385.0,397.26001,397.26001,842300
2016-02-18,395.649994,405.0,386.01001,387.299988,387.299988,729500
2016-02-19,386.450012,396.23999,380.019989,394.980011,394.980011,604800
2016-02-22,399.049988,405.709991,394.390015,395.790009,395.790009,773800
2016-02-23,392.0,399.690002,386.079987,386.829987,386.829987,617500
2016-02-24,383.690002,394.75,377.299988,393.630005,393.630005,713700
2016-02-25,396.359985,402.809998,390.48999,393.98999,393.98999,671900
2016-02-26,396.920013,398.600006,387.640015,394.230011,394.230011,594500
2016-02-29,396.23999,397.119995,383.059998,384.019989,384.019989,794000
2016-03-01,387.859985,410.209991,384.019989,410.209991,410.209991,921000
2016-03-02,410.0,419.0,405.26001,407.809998,407.809998,781900
2016-03-03,406.230011,409.440002,395.209991,401.940002,401.940002,780400
2016-03-04,404.549988,413.850006,395.950012,403.820007,403.820007,791700
2016-03-07,401.790009,411.23999,399.609985,408.279999,408.279999,629200
2016-03-08,405.399994,408.290009,392.660004,394.809998,394.809998,709100
2016-03-09,388.529999,389.609985,373.799988,374.75,374.75,1593600
2016-03-10,376.880005,380.589996,373.630005,377.559998,377.559998,1256200
2016-03-11,382.670013,383.579987,375.529999,377.119995,377.119995,833200
2016-03-14,378.549988,379.100006,370.649994,373.269989,373.269989,1077700
2016-03-15,369.959991,372.279999,359.170013,367.220001,367.220001,1037400
2016-03-16,367.0,381.0,360.0,368.459991,368.459991,1097200
2016-03-17,366.309998,369.5,348.959991,365.470001,365.470001,1498900
2016-03-18,367.640015,370.410004,356.75,364.51001,364.51001,1583500
2016-03-21,363.859985,375.920013,360.529999,371.040009,371.040009,771800
2016-03-22,367.910004,380.820007,367.25,378.309998,378.309998,724500
2016-03-23,378.850006,384.309998,365.140015,365.380005,365.380005,694500
2016-03-24,363.459991,375.380005,360.380005,370.799988,370.799988,1047500
2016-03-28,372.980011,374.920013,363.320007,363.850006,363.850006,475700
2016-03-29,363.890015,369.640015,357.339996,367.369995,367.369995,663500
2016-03-30,369.720001,373.98999,359.149994,359.679993,359.679993,699300
2016-03-31,361.019989,364.839996,358.630005,360.440002,360.440002,930100
2016-04-01,373.98999,411.980011,360.809998,405.25,405.25,3184700
2016-04-04,403.690002,411.329987,399.059998,405.299988,405.299988,1205200
2016-04-05,401.850006,411.850006,399.290009,403.649994,403.649994,1025800
2016-04-06,404.209991,428.049988,404.209991,427.200012,427.200012,1478400
2016-04-07,425.0,433.929993,417.019989,418.480011,418.480011,1239300
2016-04-08,420.899994,424.0,401.700012,404.940002,404.940002,1223100
2016-04-11,407.369995,407.369995,392.920013,396.140015,396.140015,1084700
2016-04-12,396.329987,410.48999,394.200012,408.070007,408.070007,1047300
2016-04-13,411.23999,415.0,406.0,410.519989,410.519989,606100
2016-04-14,412.160004,414.589996,401.809998,406.829987,406.829987,452200
2016-04-15,408.859985,409.769989,400.890015,406.730011,406.730011,469500
2016-04-18,407.380005,423.950012,405.589996,422.380005,422.380005,952000
2016-04-19,421.380005,422.369995,411.399994,413.779999,413.779999,688300
2016-04-20,406.209991,406.899994,396.0,399.75,399.75,979000
2016-04-21,400.690002,411.829987,398.0,409.570007,409.570007,735500
2016-04-22,406.609985,411.579987,394.5,404.380005,404.380005,849400
2016-04-25,408.209991,408.940002,403.26001,406.920013,406.920013,376400
2016-04-26,406.769989,411.410004,404.329987,406.660004,406.660004,430200
2016-04-27,406.910004,406.910004,386.359985,390.279999,390.279999,975000
2016-04-28,387.109985,401.779999,385.0,391.299988,391.299988,923800
2016-04-29,388.630005,393.0,373.140015,376.709991,376.709991,889000
2016-05-02,377.950012,385.0,369.070007,384.519989,384.519989,729500
2016-05-03,379.619995,381.730011,370.769989,371.320007,371.320007,729200
2016-05-04,370.059998,371.089996,360.25,360.640015,360.640015,1008800
2016-05-05,377.130005,381.609985,369.109985,377.730011,377.730011,1500300
2016-05-06,376.359985,377.429993,365.929993,369.950012,369.950012,884800
2016-05-09,370.200012,381.320007,370.200012,375.470001,375.470001,946100
2016-05-10,377.959991,387.089996,374.380005,385.869995,385.869995,741400
2016-05-11,385.059998,386.290009,371.459991,371.859985,371.859985,706700
2016-05-12,373.049988,375.0,362.390015,365.640015,365.640015,979600
2016-05-13,364.559998,371.670013,361.640015,369.459991,369.459991,1159200
2016-05-16,380.0,394.470001,378.660004,391.950012,391.950012,1304300
2016-05-17,392.98999,393.5,382.779999,386.380005,386.380005,1357600
2016-05-18,386.040009,391.48999,384.299988,390.279999,390.279999,1172000
2016-05-19,387.119995,394.01001,379.329987,383.299988,383.299988,1256200
2016-05-20,383.369995,388.0,382.049988,386.0,386.0,795000
2016-05-23,386.459991,396.98999,384.309998,392.640015,392.640015,1086300
2016-05-24,397.230011,402.480011,393.309998,397.700012,397.700012,1109100
2016-05-25,399.950012,400.98999,392.910004,394.48999,394.48999,959800
2016-05-26,393.48999,394.899994,388.079987,393.540009,393.540009,733400
2016-05-27,398.48999,398.48999,389.619995,396.220001,396.220001,547900
2016-05-31,398.359985,400.470001,395.0,398.929993,398.929993,1017400
2016-06-01,398.75,408.350006,395.140015,404.309998,404.309998,875100
2016-06-02,405.350006,407.570007,400.309998,407.130005,407.130005,714100
2016-06-03,405.829987,407.0,393.209991,400.75,400.75,1153000
2016-06-06,401.75,404.540009,396.709991,403.890015,403.890015,594400
2016-06-07,400.899994,402.390015,394.119995,394.470001,394.470001,664400
2016-06-08,394.470001,394.809998,383.980011,388.970001,388.970001,844200
2016-06-09,386.410004,392.630005,381.079987,381.079987,381.079987,660400
2016-06-10,379.040009,379.75,369.600006,372.029999,372.029999,891100
2016-06-13,371.709991,375.380005,366.899994,367.230011,367.230011,855700
2016-06-14,366.390015,371.450012,359.230011,366.48999,366.48999,1020000
2016-06-15,368.709991,376.320007,366.48999,367.910004,367.910004,675000
2016-06-16,365.799988,368.619995,362.920013,366.519989,366.519989,542900
2016-06-17,367.309998,369.869995,354.0,354.209991,354.209991,1163900
2016-06-20,359.519989,362.980011,352.049988,352.660004,352.660004,783700
2016-06-21,354.0,354.0,342.75,345.140015,345.140015,1183500
2016-06-22,347.440002,362.0,341.0,351.920013,351.920013,1797900
2016-06-23,355.589996,358.769989,352.230011,357.140015,357.140015,701600
2016-06-24,341.700012,350.089996,338.690002,339.480011,339.480011,1288300
2016-06-27,335.839996,341.73999,329.089996,331.049988,331.049988,1475900
2016-06-28,334.470001,340.429993,332.970001,339.779999,339.779999,806000
2016-06-29,343.279999,351.200012,342.420013,347.859985,347.859985,1081000
2016-06-30,349.549988,350.23999,344.75,349.230011,349.230011,781000
2016-07-01,349.0,359.890015,348.429993,358.5,358.5,777100
2016-07-05,362.25,363.179993,355.5,359.609985,359.609985,652500
2016-07-06,357.899994,372.440002,355.609985,371.570007,371.570007,1031200
2016-07-07,370.869995,372.290009,364.070007,371.450012,371.450012,975400
2016-07-08,372.600006,378.850006,370.209991,378.350006,378.350006,692400
2016-07-11,380.540009,381.470001,375.48999,375.73999,375.73999,581800
2016-07-12,377.0,379.450012,368.380005,368.75,368.75,740200
2016-07-13,370.450012,372.429993,364.359985,364.5,364.5,624300
2016-07-14,367.019989,367.019989,360.059998,365.269989,365.269989,743700
2016-07-15,367.880005,375.200012,363.450012,373.809998,373.809998,1242400
2016-07-18,374.799988,382.390015,370.920013,381.540009,381.540009,763100
2016-07-19,381.529999,382.950012,374.140015,377.149994,377.149994,605700
2016-07-20,377.480011,386.970001,375.440002,384.700012,384.700012,630800
2016-07-21,386.25,395.420013,385.619995,389.519989,389.519989,782600
2016-07-22,391.399994,392.600006,387.429993,391.339996,391.339996,477800
2016-07-25,391.029999,395.119995,387.549988,394.899994,394.899994,386100
2016-07-26,393.0,398.649994,390.01001,398.269989,398.269989,593700
2016-07-27,399.640015,416.0,399.0,415.089996,415.089996,1001900
2016-07-28,413.809998,413.970001,405.540009,411.040009,411.040009,623800
2016-07-29,411.329987,425.880005,409.98999,425.119995,425.119995,1370500
2016-08-01,425.089996,439.0,424.01001,434.0,434.0,1405500
2016-08-02,435.269989,437.850006,427.089996,434.899994,434.899994,1250800
2016-08-03,434.700012,442.290009,433.559998,441.369995,441.369995,1102800
2016-08-04,443.290009,443.98999,417.5,433.399994,433.399994,2026900
2016-08-05,430.350006,433.399994,422.0,423.0,423.0,1111500
2016-08-08,422.429993,429.059998,418.359985,421.040009,421.040009,828600
2016-08-09,420.220001,423.220001,417.75,419.23999,419.23999,491100
2016-08-10,418.98999,419.529999,412.5,415.480011,415.480011,468100
2016-08-11,416.019989,423.440002,415.019989,421.350006,421.350006,372600
2016-08-12,419.649994,422.359985,415.0,421.540009,421.540009,296600
2016-08-15,422.75,425.920013,422.25,422.869995,422.869995,368200
2016-08-16,422.160004,422.160004,413.0,413.640015,413.640015,529900
2016-08-17,415.25,415.820007,409.0,411.679993,411.679993,460700
2016-08-18,412.549988,413.329987,407.5,410.869995,410.869995,641800
2016-08-19,409.339996,410.5,403.579987,404.299988,404.299988,701700
2016-08-22,406.809998,422.470001,405.100006,418.649994,418.649994,907500
2016-08-23,420.149994,425.0,418.359985,420.609985,420.609985,452200
2016-08-24,419.609985,424.950012,403.5,405.25,405.25,605200
2016-08-25,404.970001,410.880005,392.48999,400.25,400.25,830500
2016-08-26,400.0,407.040009,396.209991,402.970001,402.970001,663500
2016-08-29,405.149994,405.98999,396.579987,399.380005,399.380005,554900
2016-08-30,398.380005,402.359985,394.420013,395.220001,395.220001,526900
2016-08-31,396.01001,397.269989,390.019989,392.549988,392.549988,568900
2016-09-01,394.75,394.75,390.5,393.399994,393.399994,478500
2016-09-02,393.25,393.970001,387.019989,388.640015,388.640015,744400
2016-09-06,390.940002,401.399994,390.149994,398.309998,398.309998,1167000
2016-09-07,397.720001,401.76001,395.649994,399.890015,399.890015,819800
2016-09-08,398.279999,404.0,396.630005,401.829987,401.829987,672100
2016-09-09,398.0,399.829987,384.01001,384.429993,384.429993,929200
2016-09-12,384.299988,399.570007,384.269989,399.51001,399.51001,756800
2016-09-13,394.339996,396.179993,387.0,390.98999,390.98999,768200
2016-09-14,391.700012,401.799988,391.700012,397.559998,397.559998,655800
2016-09-15,396.559998,404.980011,394.869995,402.75,402.75,805500
2016-09-16,403.75,411.0,400.369995,408.630005,408.630005,1311800
2016-09-19,409.859985,411.049988,401.450012,402.829987,402.829987,581000
2016-09-20,406.470001,407.290009,400.230011,406.23999,406.23999,626900
2016-09-21,407.440002,410.390015,398.579987,406.519989,406.519989,751400
2016-09-22,408.790009,408.950012,402.019989,408.01001,408.01001,621500
2016-09-23,405.570007,413.619995,405.570007,410.390015,410.390015,688600
2016-09-26,410.0,410.0,401.100006,404.119995,404.119995,658600
2016-09-27,405.119995,421.950012,402.369995,421.450012,421.450012,964500
2016-09-28,421.880005,424.350006,418.220001,419.100006,419.100006,779400
2016-09-29,419.049988,421.769989,404.600006,406.359985,406.359985,594200
2016-09-30,396.440002,404.980011,390.559998,402.019989,402.019989,1114300
2016-10-03,402.019989,407.790009,398.149994,402.820007,402.820007,595100
2016-10-04,403.820007,406.0,394.549988,397.200012,397.200012,558300
2016-10-05,398.940002,401.450012,391.390015,392.600006,392.600006,769400
2016-10-06,391.390015,393.0,386.589996,388.600006,388.600006,596900
2016-10-07,390.329987,390.980011,385.5,390.059998,390.059998,516300
2016-10-10,392.290009,396.0,388.839996,393.859985,393.859985,732000
2016-10-11,391.51001,394.690002,382.179993,386.049988,386.049988,807600
2016-10-12,387.540009,388.799988,372.019989,373.470001,373.470001,856100
2016-10-13,369.609985,379.959991,369.019989,375.790009,375.790009,532400
2016-10-14,378.399994,379.100006,370.660004,371.679993,371.679993,590400
2016-10-17,367.799988,371.5,364.5,366.730011,366.730011,497700
2016-10-18,366.420013,372.850006,366.070007,371.529999,371.529999,413400
2016-10-19,372.619995,374.579987,368.070007,368.359985,368.359985,400000
2016-10-20,368.920013,373.959991,368.299988,371.23999,371.23999,345600
2016-10-21,370.359985,371.25,361.670013,363.529999,363.529999,522000
2016-10-24,364.51001,367.119995,358.76001,362.25,362.25,513900
2016-10-25,362.5,367.769989,358.200012,366.929993,366.929993,509300
2016-10-26,367.630005,367.899994,360.070007,363.079987,363.079987,483700
2016-10-27,365.339996,370.0,362.75,365.350006,365.350006,503800
2016-10-28,363.579987,364.119995,348.48999,355.829987,355.829987,1060600
2016-10-31,357.209991,358.549988,344.850006,345.019989,345.019989,921500
2016-11-01,345.519989,352.309998,340.799988,346.549988,346.549988,974900
2016-11-02,346.649994,346.649994,341.570007,343.660004,343.660004,721900
2016-11-03,343.51001,346.429993,331.950012,336.01001,336.01001,1202500
2016-11-04,325.619995,351.75,325.350006,341.390015,341.390015,1885100
2016-11-07,347.480011,366.839996,344.190002,365.390015,365.390015,1347400
2016-11-08,362.950012,374.130005,361.450012,367.769989,367.769989,1302200
2016-11-09,385.350006,420.459991,383.5,418.420013,418.420013,3047200
2016-11-10,422.019989,431.26001,418.959991,423.0,423.0,1430400
2016-11-11,418.420013,421.720001,411.140015,419.790009,419.790009,822900
2016-11-14,421.220001,452.959991,418.850006,444.519989,444.519989,1557100
2016-11-15,443.519989,449.0,428.119995,428.649994,428.649994,1118800
2016-11-16,428.0,430.920013,419.940002,420.079987,420.079987,815500
2016-11-17,406.140015,410.109985,398.019989,404.559998,404.559998,1493400
2016-11-18,403.540009,410.640015,397.019989,397.480011,397.480011,1413400
2016-11-21,398.980011,410.0,398.359985,405.480011,405.480011,922500
2016-11-22,406.25,407.929993,395.269989,398.970001,398.970001,918500
2016-11-23,393.609985,403.350006,390.23999,402.410004,402.410004,972600
2016-11-25,402.339996,402.339996,394.5,398.160004,398.160004,282500
2016-11-28,397.109985,398.329987,389.450012,390.380005,390.380005,729800
2016-11-29,391.769989,394.48999,386.540009,387.26001,387.26001,752200
2016-11-30,387.179993,388.279999,377.149994,379.23999,379.23999,965600
2016-12-01,379.480011,381.970001,374.420013,375.559998,375.559998,824200
2016-12-02,375.850006,378.5,371.320007,372.709991,372.709991,723600
2016-12-05,375.100006,377.890015,369.049988,369.820007,369.820007,661700
2016-12-06,371.589996,371.769989,365.320007,368.950012,368.950012,725400
2016-12-07,365.279999,366.570007,348.820007,362.01001,362.01001,1681400
2016-12-08,361.799988,370.48999,359.5,369.149994,369.149994,973000
2016-12-09,371.130005,379.5,369.769989,372.829987,372.829987,1290700
2016-12-12,391.98999,396.679993,387.0,387.100006,387.100006,1529300
2016-12-13,386.5,392.459991,378.450012,382.0,382.0,990700
2016-12-14,382.25,386.0,376.399994,381.5,381.5,868800
2016-12-15,381.089996,384.190002,375.980011,378.01001,378.01001,543100
2016-12-16,379.399994,386.559998,377.279999,378.850006,378.850006,1054800
2016-12-19,379.820007,383.279999,371.269989,371.75,371.75,793600
2016-12-20,378.269989,378.269989,368.859985,371.019989,371.019989,747200
2016-12-21,370.160004,372.440002,364.480011,365.059998,365.059998,559200
2016-12-22,365.880005,372.5,361.950012,372.380005,372.380005,668500
2016-12-23,371.670013,382.309998,371.649994,381.779999,381.779999,801700
2016-12-27,383.910004,391.48999,382.119995,385.950012,385.950012,790900
2016-12-28,387.880005,387.880005,376.410004,378.75,378.75,545500
2016-12-29,378.410004,379.470001,372.790009,373.720001,373.720001,383900
2016-12-30,375.299988,375.299988,364.920013,367.089996,367.089996,614800
2017-01-03,370.839996,384.940002,368.440002,379.700012,379.700012,1064500
2017-01-04,374.869995,389.220001,373.850006,383.109985,383.109985,781500
2017-01-05,381.149994,385.720001,380.220001,380.920013,380.920013,628000
2017-01-06,360.480011,361.929993,354.0,358.679993,358.679993,3254600
2017-01-09,359.209991,360.390015,349.23999,355.059998,355.059998,1885600
2017-01-10,356.0,375.940002,355.200012,373.0,373.0,1787200
2017-01-11,371.839996,379.950012,361.660004,364.470001,364.470001,1655700
2017-01-12,362.0,367.369995,358.5,364.440002,364.440002,663700
2017-01-13,364.76001,373.480011,364.440002,368.160004,368.160004,943800
2017-01-17,367.649994,369.970001,359.730011,363.23999,363.23999,879200
2017-01-18,363.700012,365.950012,358.929993,362.950012,362.950012,474000
2017-01-19,363.200012,366.299988,359.970001,363.410004,363.410004,586200
2017-01-20,365.670013,369.75,362.070007,362.559998,362.559998,782000
2017-01-23,361.970001,363.589996,354.170013,354.359985,354.359985,899400
2017-01-24,355.040009,356.440002,347.0,347.959991,347.959991,905400
2017-01-25,350.0,350.75,344.809998,348.929993,348.929993,934500
2017-01-26,348.73999,352.880005,340.089996,340.75,340.75,1312600
2017-01-27,342.339996,349.970001,340.959991,346.5,346.5,620600
2017-01-30,344.890015,347.040009,342.160004,344.5,344.5,668200
2017-01-31,344.049988,360.0,343.5,359.290009,359.290009,1052500
2017-02-01,358.73999,364.799988,355.01001,364.170013,364.170013,1033000
2017-02-02,361.140015,364.809998,357.890015,360.559998,360.559998,578800
2017-02-03,362.429993,363.25,352.079987,358.26001,358.26001,733200
2017-02-06,357.859985,362.450012,353.589996,362.0,362.0,750300
2017-02-07,360.609985,363.100006,355.890015,357.690002,357.690002,689800
2017-02-08,355.880005,359.0,351.029999,353.25,353.25,876900
2017-02-09,347.070007,366.950012,347.0,360.0,360.0,1722800
2017-02-10,360.950012,364.390015,357.380005,359.869995,359.869995,713600
2017-02-13,364.220001,378.470001,363.200012,375.660004,375.660004,1539100
2017-02-14,375.950012,378.320007,371.609985,376.519989,376.519989,991900
2017-02-15,375.429993,384.579987,374.0,384.0,384.0,926300
2017-02-16,379.0,382.079987,369.200012,373.019989,373.019989,1276800
2017-02-17,372.420013,375.0,369.299988,371.179993,371.179993,775500
2017-02-21,372.179993,375.76001,370.0,371.609985,371.609985,722600
2017-02-22,371.609985,373.160004,369.119995,370.220001,370.220001,569200
2017-02-23,370.98999,371.220001,357.220001,360.959991,360.959991,1118900
2017-02-24,359.880005,361.079987,355.0,361.01001,361.01001,782600
2017-02-27,361.149994,373.359985,359.940002,373.049988,373.049988,537900
2017-02-28,373.299988,374.970001,368.420013,373.5,373.5,759200
2017-03-01,378.0,381.920013,372.519989,379.049988,379.049988,757500
2017-03-02,379.049988,381.98999,375.0,375.859985,375.859985,512200
2017-03-03,375.980011,379.459991,371.0,378.660004,378.660004,513300
2017-03-06,378.130005,383.98999,376.450012,381.929993,381.929993,1020800
2017-03-07,378.76001,382.220001,370.630005,372.519989,372.519989,890400
2017-03-08,373.589996,382.690002,373.51001,381.369995,381.369995,832700
2017-03-09,383.179993,392.23999,381.429993,390.140015,390.140015,1101000
2017-03-10,392.950012,392.950012,384.209991,388.230011,388.230011,743500
2017-03-13,389.200012,389.980011,384.279999,388.880005,388.880005,572700
2017-03-14,386.869995,393.589996,386.869995,391.100006,391.100006,548200
2017-03-15,393.640015,399.720001,391.829987,397.799988,397.799988,808200
2017-03-16,397.459991,399.0,389.290009,392.589996,392.589996,770900
2017-03-17,380.049988,386.690002,370.679993,380.290009,380.290009,2839500
2017-03-20,380.829987,385.709991,377.720001,382.019989,382.019989,576900
2017-03-21,382.890015,383.089996,370.23999,370.980011,370.980011,1224600
2017-03-22,373.119995,374.73999,366.130005,369.140015,369.140015,684600
2017-03-23,369.190002,370.730011,364.440002,365.019989,365.019989,677100
2017-03-24,367.920013,374.850006,366.720001,373.0,373.0,881400
2017-03-27,371.690002,384.959991,371.040009,383.679993,383.679993,1385900
2017-03-28,383.470001,388.820007,376.220001,382.549988,382.549988,1651300
2017-03-29,382.459991,401.209991,382.059998,394.140015,394.140015,1945500
2017-03-30,394.890015,397.209991,385.820007,386.179993,386.179993,966300
2017-03-31,385.75,390.0,382.600006,387.51001,387.51001,570300
2017-04-03,388.0,392.75,382.26001,383.190002,383.190002,994400
2017-04-04,383.940002,386.059998,379.279999,382.920013,382.920013,681100
2017-04-05,382.929993,384.51001,375.720001,377.359985,377.359985,772200
2017-04-06,379.0,381.980011,376.359985,379.480011,379.480011,1119600
2017-04-07,379.600006,381.359985,375.609985,380.549988,380.549988,741700
2017-04-10,380.01001,382.890015,372.829987,373.26001,373.26001,896500
2017-04-11,372.5,373.890015,363.98999,367.070007,367.070007,850900
2017-04-12,367.0,372.600006,364.230011,366.329987,366.329987,661000
2017-04-13,367.609985,373.869995,366.5,370.369995,370.369995,699800
2017-04-17,373.0,374.359985,369.109985,373.450012,373.450012,573800
2017-04-18,371.040009,374.720001,363.390015,366.059998,366.059998,520000
2017-04-19,368.119995,371.309998,366.519989,370.959991,370.959991,501300
2017-04-20,371.920013,377.480011,368.049988,376.399994,376.399994,767900
2017-04-21,376.399994,379.200012,368.809998,370.119995,370.119995,639700
2017-04-24,373.829987,374.940002,369.049988,371.929993,371.929993,715000
2017-04-25,373.089996,376.23999,370.0,372.320007,372.320007,711700
2017-04-26,372.119995,375.399994,369.470001,371.390015,371.390015,516400
2017-04-27,370.899994,371.709991,360.0,366.619995,366.619995,1981500
2017-04-28,368.51001,393.5,368.299988,388.48999,388.48999,2179400
2017-05-01,388.799988,399.980011,388.220001,396.170013,396.170013,1246900
2017-05-02,396.649994,402.98999,392.700012,402.040009,402.040009,884400
2017-05-03,402.0,408.119995,400.390015,407.029999,407.029999,1265500
2017-05-04,410.190002,437.320007,410.190002,434.309998,434.309998,2320300
2017-05-05,434.790009,438.470001,426.399994,429.0,429.0,1060600
2017-05-08,427.76001,436.470001,421.880005,423.380005,423.380005,864500
2017-05-09,422.829987,428.720001,421.549988,427.179993,427.179993,566400
2017-05-10,427.130005,431.73999,422.950012,431.570007,431.570007,518900
2017-05-11,429.790009,441.709991,428.850006,440.429993,440.429993,895600
2017-05-12,441.540009,452.880005,438.589996,442.049988,442.049988,1213700
2017-05-15,440.380005,450.779999,439.609985,450.410004,450.410004,772100
2017-05-16,451.790009,456.73999,445.799988,454.75,454.75,943100
2017-05-17,451.290009,458.579987,445.299988,446.720001,446.720001,749400
2017-05-18,448.0,462.959991,446.049988,457.329987,457.329987,1107600
2017-05-19,456.059998,458.48999,448.0,450.01001,450.01001,996000
2017-05-22,448.480011,464.399994,448.390015,460.98999,460.98999,782200
2017-05-23,462.0,464.25,458.790009,461.369995,461.369995,573900
2017-05-24,461.369995,461.940002,452.109985,458.23999,458.23999,461300
2017-05-25,460.040009,460.040009,455.019989,455.700012,455.700012,671600
2017-05-26,456.700012,459.25,453.350006,455.170013,455.170013,475400
2017-05-30,455.130005,458.480011,448.079987,448.670013,448.670013,865700
2017-05-31,450.320007,459.299988,448.089996,459.059998,459.059998,1313800
2017-06-01,460.0,470.429993,459.529999,466.019989,466.019989,1204600
2017-06-02,466.700012,484.98999,465.329987,480.429993,480.429993,1717600
2017-06-05,483.5,489.0,476.970001,480.26001,480.26001,912800
2017-06-06,479.299988,482.299988,473.440002,477.730011,477.730011,729400
2017-06-07,479.0,483.059998,476.089996,482.0,482.0,843900
2017-06-08,481.559998,486.809998,478.160004,485.899994,485.899994,595200
2017-06-09,482.549988,487.519989,473.26001,475.790009,475.790009,1027200
2017-06-12,475.220001,477.5,466.910004,476.230011,476.230011,884600
2017-06-13,474.380005,476.5,471.630005,473.670013,473.670013,503700
2017-06-14,475.350006,481.859985,469.269989,476.839996,476.839996,662500
2017-06-15,474.369995,475.799988,461.579987,469.5,469.5,796800
2017-06-16,468.190002,470.279999,453.540009,459.910004,459.910004,1658600
2017-06-19,462.959991,474.730011,456.570007,471.670013,471.670013,807600
2017-06-20,477.920013,504.890015,474.619995,495.329987,495.329987,2134900
2017-06-21,496.51001,525.0,495.040009,522.02002,522.02002,1743100
2017-06-22,525.0,543.549988,521.5,526.530029,526.530029,1843100
2017-06-23,511.790009,519.650024,500.25,517.330017,517.330017,1885500
2017-06-26,513.0,521.51001,506.700012,515.909973,515.909973,1172500
2017-06-27,517.549988,529.98999,500.73999,502.119995,502.119995,1447300
2017-06-28,506.51001,518.0,500.75,513.190002,513.190002,935100
2017-06-29,510.440002,512.640015,499.079987,509.929993,509.929993,922100
2017-06-30,507.459991,508.0,490.890015,491.140015,491.140015,1267500
2017-07-03,494.200012,498.549988,484.279999,487.730011,487.730011,603500
2017-07-05,490.079987,499.359985,489.559998,497.0,497.0,823000
2017-07-06,491.76001,496.350006,482.51001,490.190002,490.190002,898600
2017-07-07,497.51001,506.390015,493.440002,496.5,496.5,729100
2017-07-10,497.609985,500.73999,489.329987,499.910004,499.910004,888400
2017-07-11,498.519989,502.0,489.200012,492.0,492.0,829100
2017-07-12,496.200012,499.320007,489.089996,496.98999,496.98999,576500
2017-07-13,496.019989,509.959991,492.179993,505.049988,505.049988,790000
2017-07-14,507.399994,509.579987,498.649994,504.899994,504.899994,608100
2017-07-17,508.279999,509.880005,496.76001,498.109985,498.109985,620000
2017-07-18,497.640015,499.980011,494.369995,497.630005,497.630005,450700
2017-07-19,504.98999,509.140015,501.100006,506.790009,506.790009,850800
2017-07-20,510.470001,524.890015,509.920013,521.130005,521.130005,772200
2017-07-21,518.460022,522.0,513.400024,515.919983,515.919983,617700
2017-07-24,516.940002,521.77002,510.700012,521.219971,521.219971,474400
2017-07-25,523.969971,526.119995,510.73999,513.450012,513.450012,596300
2017-07-26,513.77002,518.570007,510.0,515.630005,515.630005,369500
2017-07-27,515.77002,517.440002,503.980011,508.410004,508.410004,958100
2017-07-28,507.01001,513.419983,499.040009,508.709991,508.709991,620100
2017-07-31,489.670013,499.140015,487.130005,491.619995,491.619995,1009000
2017-08-01,486.600006,490.170013,471.26001,472.0,472.0,1282100
2017-08-02,470.779999,477.51001,468.309998,476.820007,476.820007,958200
2017-08-03,498.100006,498.5,463.299988,467.109985,467.109985,1208800
2017-08-04,469.320007,473.339996,466.660004,468.76001,468.76001,771200
2017-08-07,468.709991,471.76001,462.209991,470.100006,470.100006,499100
2017-08-08,469.179993,475.25,467.350006,469.679993,469.679993,484700
2017-08-09,469.959991,478.98999,465.519989,474.089996,474.089996,980000
2017-08-10,470.480011,472.459991,459.140015,460.079987,460.079987,573700
2017-08-11,462.350006,467.859985,459.230011,466.589996,466.589996,496000
2017-08-14,469.970001,476.799988,466.98999,474.540009,474.540009,537400
2017-08-15,473.869995,475.01001,470.48999,472.570007,472.570007,378500
2017-08-16,475.579987,475.579987,467.23999,468.540009,468.540009,383300
2017-08-17,469.820007,470.040009,461.769989,464.019989,464.019989,711600
2017-08-18,461.899994,470.859985,460.559998,467.980011,467.980011,549500
2017-08-21,467.75,472.48999,467.429993,469.73999,469.73999,510700
2017-08-22,470.0,483.0,469.200012,478.649994,478.649994,503600
2017-08-23,475.0,480.859985,472.320007,477.149994,477.149994,410600
2017-08-24,477.269989,488.820007,474.339996,485.26001,485.26001,539000
2017-08-25,485.25,487.769989,477.380005,477.799988,477.799988,531000
2017-08-28,483.920013,486.350006,477.779999,479.220001,479.220001,831200
2017-08-29,476.880005,481.350006,473.369995,479.029999,479.029999,546200
2017-08-30,480.51001,495.850006,477.970001,487.119995,487.119995,729100
2017-08-31,488.399994,502.420013,484.0,496.899994,496.899994,871800
2017-09-01,498.23999,505.48999,497.089996,504.0,504.0,699900
2017-09-05,499.809998,503.540009,489.369995,494.359985,494.359985,657700
2017-09-06,499.690002,503.329987,492.869995,500.220001,500.220001,441600
2017-09-07,489.0,489.0,467.0,471.920013,471.920013,1554400
2017-09-08,473.0,479.029999,470.0,471.48999,471.48999,760800
2017-09-11,451.079987,454.98999,441.519989,445.109985,445.109985,1984700
2017-09-12,448.119995,448.119995,440.0,444.480011,444.480011,880600
2017-09-13,445.0,445.0,433.160004,437.73999,437.73999,1062800
2017-09-14,436.679993,443.299988,429.309998,441.26001,441.26001,987700
2017-09-15,442.040009,442.160004,432.429993,433.450012,433.450012,1002400
2017-09-18,433.480011,439.029999,430.049988,434.640015,434.640015,672300
2017-09-19,433.26001,434.640015,426.470001,431.380005,431.380005,699300
2017-09-20,431.640015,438.440002,429.549988,438.170013,438.170013,692600
2017-09-21,435.0,438.769989,429.470001,433.450012,433.450012,556900
2017-09-22,431.119995,433.769989,427.040009,432.720001,432.720001,626300
2017-09-25,431.98999,442.899994,431.640015,438.149994,438.149994,834100
2017-09-26,440.399994,442.799988,433.320007,434.970001,434.970001,453400
2017-09-27,435.640015,437.609985,432.5,435.429993,435.429993,499800
2017-09-28,433.290009,439.040009,433.290009,435.109985,435.109985,456600
2017-09-29,435.279999,450.230011,435.279999,447.119995,447.119995,909600
2017-10-02,448.309998,465.0,445.410004,462.23999,462.23999,1175800
2017-10-03,463.040009,463.040009,451.26001,455.630005,455.630005,596700
2017-10-04,454.100006,458.920013,450.109985,456.049988,456.049988,610700
2017-10-05,455.950012,477.0,451.100006,463.399994,463.399994,1421300
2017-10-06,463.390015,471.0,461.910004,469.950012,469.950012,986000
2017-10-09,472.51001,473.859985,466.700012,469.559998,469.559998,482800
2017-10-10,469.559998,472.309998,460.660004,461.130005,461.130005,655700
2017-10-11,459.799988,460.850006,448.709991,452.970001,452.970001,1197800
2017-10-12,454.0,454.519989,444.200012,447.149994,447.149994,704800
2017-10-13,448.5,449.73999,441.040009,442.959991,442.959991,718100
2017-10-16,444.0,453.549988,443.109985,445.679993,445.679993,508700
2017-10-17,444.410004,448.570007,442.01001,442.559998,442.559998,644300
2017-10-18,443.200012,444.98999,435.549988,439.369995,439.369995,547600
2017-10-19,439.589996,443.0,438.0,440.940002,440.940002,639300
2017-10-20,430.170013,435.160004,427.0,432.980011,432.980011,990100
2017-10-23,433.279999,437.899994,430.049988,432.76001,432.76001,778600
2017-10-24,435.519989,436.75,425.609985,426.51001,426.51001,701900
2017-10-25,424.529999,429.730011,420.519989,421.929993,421.929993,982200
2017-10-26,416.700012,420.609985,412.48999,416.040009,416.040009,852200
2017-10-27,413.290009,416.040009,406.519989,409.220001,409.220001,1111600
2017-10-30,407.529999,417.220001,405.0,406.519989,406.519989,812000
2017-10-31,407.399994,409.950012,400.190002,402.619995,402.619995,1051200
2017-11-01,403.809998,405.5,394.559998,397.0,397.0,1161000
2017-11-02,400.0,402.98999,395.450012,397.450012,397.450012,1453300
2017-11-03,400.019989,408.549988,400.019989,408.410004,408.410004,896600
2017-11-06,410.01001,416.890015,406.5,406.630005,406.630005,833500
2017-11-07,407.26001,411.670013,401.76001,404.390015,404.390015,786000
2017-11-08,418.01001,432.5,405.0,415.170013,415.170013,1310100
2017-11-09,409.440002,414.019989,396.529999,406.209991,406.209991,941900
2017-11-10,405.450012,405.75,398.369995,404.540009,404.540009,770800
2017-11-13,398.26001,402.130005,391.209991,393.619995,393.619995,1416700
2017-11-14,392.75,395.589996,383.829987,384.799988,384.799988,1109600
2017-11-15,384.869995,389.029999,383.809998,386.299988,386.299988,753800
2017-11-16,386.98999,395.660004,381.640015,394.690002,394.690002,674200
2017-11-17,393.079987,396.359985,390.519989,391.589996,391.589996,669100
2017-11-20,391.73999,393.320007,383.420013,385.220001,385.220001,845700
2017-11-21,385.0,388.220001,383.299988,384.440002,384.440002,784700
2017-11-22,384.549988,388.390015,384.5,387.540009,387.540009,367400
2017-11-24,388.399994,392.98999,384.25,384.850006,384.850006,250500
2017-11-27,379.0,384.0,372.73999,374.529999,374.529999,1194500
2017-11-28,370.779999,371.76001,361.160004,366.0,366.0,1532000
2017-11-29,369.600006,371.390015,353.140015,358.630005,358.630005,2652300
2017-11-30,358.570007,362.5,354.730011,361.859985,361.859985,1292700
2017-12-01,356.369995,377.399994,355.029999,373.470001,373.470001,1819500
2017-12-04,375.5,382.519989,372.059998,378.369995,378.369995,1075100
2017-12-05,378.609985,385.640015,371.51001,372.339996,372.339996,792500
2017-12-06,370.380005,376.980011,366.660004,375.130005,375.130005,740900
2017-12-07,375.809998,379.089996,371.390015,373.609985,373.609985,513400
2017-12-08,375.519989,384.070007,373.0,380.779999,380.779999,663900
2017-12-11,383.369995,387.5,379.089996,381.320007,381.320007,518000
2017-12-12,380.649994,382.470001,375.5,381.720001,381.720001,456400
2017-12-13,382.049988,389.820007,380.339996,386.670013,386.670013,570600
2017-12-14,388.059998,388.809998,380.75,383.119995,383.119995,424500
2017-12-15,387.190002,389.589996,382.0,388.950012,388.950012,1271200
2017-12-18,390.910004,390.910004,382.899994,383.390015,383.390015,623700
2017-12-19,382.619995,390.420013,381.480011,385.720001,385.720001,579200
2017-12-20,385.350006,387.839996,381.179993,382.890015,382.890015,516500
2017-12-21,381.850006,390.549988,381.179993,384.140015,384.140015,508800
2017-12-22,383.5,385.269989,377.079987,381.0,381.0,412800
2017-12-26,381.179993,388.0,379.290009,387.429993,387.429993,454500
2017-12-27,387.950012,389.309998,382.869995,384.089996,384.089996,409400
2017-12-28,385.269989,387.119995,378.899994,382.820007,382.820007,354900
2017-12-29,381.869995,382.649994,375.0,375.959991,375.959991,624100
2018-01-02,379.480011,384.809998,377.109985,382.600006,382.600006,621800
2018-01-03,383.140015,396.779999,381.140015,393.779999,393.779999,721300
2018-01-04,394.5,394.950012,382.399994,382.950012,382.950012,650100
2018-01-05,385.850006,388.790009,381.950012,385.100006,385.100006,461100
2018-01-08,384.399994,387.329987,371.26001,372.519989,372.519989,1117800
2018-01-09,372.609985,378.579987,368.119995,368.649994,368.649994,1207600
2018-01-10,368.649994,371.420013,365.600006,366.459991,366.459991,805800
2018-01-11,367.0,370.089996,363.0,368.26001,368.26001,627700
2018-01-12,369.450012,370.01001,366.730011,366.959991,366.959991,830700
2018-01-16,368.920013,374.809998,367.350006,370.209991,370.209991,1003400
2018-01-17,373.859985,378.700012,370.279999,374.070007,374.070007,738900
2018-01-18,374.209991,374.709991,369.029999,371.279999,371.279999,596400
2018-01-19,372.170013,376.470001,370.959991,371.529999,371.529999,665000
2018-01-22,374.440002,376.01001,370.619995,375.859985,375.859985,760100
2018-01-23,374.470001,383.950012,373.269989,381.709991,381.709991,842200
2018-01-24,383.100006,387.709991,380.0,383.320007,383.320007,712900
2018-01-25,386.399994,396.220001,382.040009,391.839996,391.839996,869800
2018-01-26,392.899994,393.149994,371.970001,374.359985,374.359985,1429600
2018-01-29,373.5,385.709991,371.51001,382.880005,382.880005,1095200
2018-01-30,382.799988,384.220001,375.0,379.769989,379.769989,603700
2018-01-31,379.160004,379.170013,366.179993,366.649994,366.649994,848700
2018-02-01,366.690002,370.98999,345.01001,345.790009,345.790009,2403100
2018-02-02,345.170013,353.970001,340.649994,347.859985,347.859985,1546600
2018-02-05,346.329987,350.799988,331.670013,331.980011,331.980011,1297000
2018-02-06,328.440002,339.100006,319.5,338.799988,338.799988,2005600
2018-02-07,338.799988,343.380005,331.089996,334.609985,334.609985,1022600
2018-02-08,342.029999,352.5,322.019989,322.619995,322.619995,1634600
2018-02-09,327.209991,339.600006,314.98999,336.380005,336.380005,2088300
2018-02-12,339.679993,350.98999,334.869995,342.670013,342.670013,1398200
2018-02-13,340.839996,340.839996,322.690002,324.570007,324.570007,1557300
2018-02-14,321.339996,330.839996,313.529999,330.690002,330.690002,1981400
2018-02-15,331.910004,336.040009,327.51001,333.179993,333.179993,834400
2018-02-16,334.0,341.079987,328.950012,332.149994,332.149994,1175400
2018-02-20,331.0,332.410004,322.100006,323.040009,323.040009,844000
2018-02-21,320.549988,324.660004,316.170013,317.51001,317.51001,946800
2018-02-22,317.429993,321.660004,315.299988,315.820007,315.820007,841600
2018-02-23,318.059998,323.899994,315.149994,323.859985,323.859985,688700
2018-02-26,324.350006,326.160004,320.600006,324.890015,324.890015,552300
2018-02-27,324.959991,327.869995,318.5,320.970001,320.970001,935100
2018-02-28,321.130005,324.209991,318.959991,320.440002,320.440002,840300
2018-03-01,320.350006,327.380005,320.230011,321.779999,321.779999,923300
2018-03-02,321.940002,333.130005,321.5,330.470001,330.470001,909500
2018-03-05,327.970001,334.149994,327.970001,333.910004,333.910004,746200
2018-03-06,335.0,337.0,328.200012,333.480011,333.480011,716700
2018-03-07,330.329987,335.040009,328.279999,334.410004,334.410004,599300
2018-03-08,334.579987,341.170013,332.839996,340.779999,340.779999,836100
2018-03-09,343.579987,344.790009,339.480011,341.700012,341.700012,759700
2018-03-12,346.0,346.730011,337.420013,344.549988,344.549988,1234400
2018-03-13,344.429993,346.640015,335.420013,337.75,337.75,851500
2018-03-14,339.709991,342.619995,338.160004,341.420013,341.420013,577800
2018-03-15,341.559998,341.970001,334.290009,334.929993,334.929993,569600
2018-03-16,336.549988,345.850006,333.950012,343.299988,343.299988,1348900
2018-03-19,343.0,352.589996,335.630005,339.079987,339.079987,924000
2018-03-20,338.480011,339.980011,330.690002,333.859985,333.859985,690000
2018-03-21,334.089996,337.609985,333.160004,334.869995,334.869995,431300
2018-03-22,331.160004,336.0,327.51001,327.690002,327.690002,608400
2018-03-23,327.519989,332.320007,321.200012,321.290009,321.290009,693300
2018-03-26,325.579987,331.0,317.709991,330.709991,330.709991,733600
2018-03-27,332.649994,335.700012,326.940002,329.23999,329.23999,996300
2018-03-28,329.799988,340.399994,328.5,338.480011,338.480011,1037400
2018-03-29,340.820007,346.869995,338.320007,344.359985,344.359985,1032800
2018-04-02,342.450012,345.48999,324.769989,330.559998,330.559998,1317100
2018-04-03,330.820007,332.619995,320.709991,332.200012,332.200012,815400
2018-04-04,326.649994,339.100006,321.609985,337.350006,337.350006,857500
2018-04-05,339.859985,340.369995,325.480011,328.589996,328.589996,848500
2018-04-06,324.109985,326.5,316.570007,319.609985,319.609985,1010200
2018-04-09,318.649994,324.290009,315.369995,319.700012,319.700012,681300
2018-04-10,322.559998,328.880005,321.390015,328.040009,328.040009,554000
2018-04-11,326.070007,328.549988,322.279999,322.779999,322.779999,688000
2018-04-12,323.98999,327.279999,323.0,325.079987,325.079987,575200
2018-04-13,326.859985,328.589996,319.26001,321.559998,321.559998,846100
2018-04-16,324.399994,324.399994,317.630005,318.200012,318.200012,816400
2018-04-17,319.649994,324.76001,318.980011,322.630005,322.630005,874500
2018-04-18,323.399994,323.910004,320.75,321.390015,321.390015,405800
2018-04-19,320.51001,322.690002,315.369995,315.829987,315.829987,546100
2018-04-20,316.309998,318.190002,311.339996,314.25,314.25,688700
2018-04-23,316.029999,318.480011,313.809998,316.01001,316.01001,605800
2018-04-24,317.98999,318.519989,310.51001,312.0,312.0,752300
2018-04-25,312.0,321.230011,311.040009,316.170013,316.170013,704400
2018-04-26,318.079987,327.160004,316.23999,323.970001,323.970001,803000
2018-04-27,317.0,317.98999,299.559998,313.049988,313.049988,2085600
2018-04-30,311.0,311.0,298.190002,303.679993,303.679993,1568900
2018-05-01,302.929993,303.559998,294.109985,301.220001,301.220001,1195300
2018-05-02,299.920013,303.549988,295.75,296.140015,296.140015,1036000
2018-05-03,297.600006,307.720001,288.160004,292.410004,292.410004,1259500
2018-05-04,290.160004,292.910004,287.549988,291.25,291.25,1398700
2018-05-07,293.529999,294.5,286.320007,288.540009,288.540009,1037300
2018-05-08,290.5,292.0,284.040009,285.859985,285.859985,758800
2018-05-09,285.0,288.609985,281.890015,284.600006,284.600006,764400
2018-05-10,285.01001,289.980011,282.589996,288.899994,288.899994,720400
2018-05-11,290.440002,314.839996,290.440002,306.940002,306.940002,2944500
2018-05-14,307.0,310.950012,302.0,309.540009,309.540009,1258000
2018-05-15,306.420013,306.959991,299.619995,300.450012,300.450012,819900
2018-05-16,300.630005,306.459991,297.470001,303.209991,303.209991,667900
2018-05-17,302.570007,308.5,300.399994,308.0,308.0,1229100
2018-05-18,307.850006,307.850006,300.0,301.809998,301.809998,938300
2018-05-21,303.75,304.309998,294.179993,296.600006,296.600006,766700
2018-05-22,297.880005,299.709991,293.529999,294.679993,294.679993,441900
2018-05-23,292.290009,296.26001,291.100006,295.309998,295.309998,568700
2018-05-24,295.579987,296.920013,293.350006,294.609985,294.609985,585400
2018-05-25,294.119995,295.570007,292.5,293.73999,293.73999,637400
2018-05-29,291.790009,298.0,291.690002,296.5,296.5,737500
2018-05-30,297.049988,301.709991,294.019989,300.890015,300.890015,775700
2018-05-31,301.369995,304.869995,297.640015,300.320007,300.320007,670800
2018-06-01,301.339996,311.359985,297.779999,306.880005,306.880005,1012700
2018-06-04,307.640015,314.790009,304.959991,312.089996,312.089996,1153400
2018-06-05,310.140015,315.380005,306.48999,311.850006,311.850006,714000
2018-06-06,312.890015,315.679993,312.01001,315.130005,315.130005,630000
2018-06-07,315.529999,317.25,305.279999,308.720001,308.720001,829700
2018-06-08,308.220001,310.619995,303.519989,308.100006,308.100006,644300
2018-06-11,308.0,313.929993,306.130005,311.950012,311.950012,535500
2018-06-12,311.709991,312.420013,308.839996,309.529999,309.529999,353600
2018-06-13,310.119995,313.670013,307.630005,308.279999,308.279999,465200
2018-06-14,309.940002,317.820007,307.579987,315.670013,315.670013,606900
2018-06-15,316.899994,320.690002,310.359985,315.299988,315.299988,1034200
2018-06-18,312.26001,316.26001,309.709991,315.609985,315.609985,613900
2018-06-19,314.630005,327.559998,312.410004,327.070007,327.070007,1096400
2018-06-20,327.660004,338.480011,327.660004,336.929993,336.929993,1300000
2018-06-21,336.869995,336.880005,323.670013,329.040009,329.040009,1014100
2018-06-22,330.049988,334.529999,326.899994,331.970001,331.970001,714900
2018-06-25,328.950012,332.179993,321.73999,327.109985,327.109985,574400
2018-06-26,327.890015,330.25,321.769989,327.230011,327.230011,655000
2018-06-27,336.690002,342.660004,333.0,336.609985,336.609985,1500900
2018-06-28,336.630005,343.339996,332.959991,341.820007,341.820007,948300
2018-06-29,343.600006,349.23999,343.149994,344.98999,344.98999,1205600
2018-07-02,344.950012,351.470001,342.579987,351.140015,351.140015,871600
2018-07-03,352.0,355.980011,347.0,353.859985,353.859985,540600
2018-07-05,356.369995,362.769989,353.5,360.950012,360.950012,954300
2018-07-06,364.0,370.5,358.809998,369.589996,369.589996,1002500
2018-07-09,370.299988,374.839996,366.200012,371.309998,371.309998,881400
2018-07-10,371.279999,371.320007,364.200012,366.269989,366.269989,921300
2018-07-11,365.079987,366.519989,362.529999,365.209991,365.209991,595800
2018-07-12,366.589996,367.589996,359.339996,366.429993,366.429993,698100
2018-07-13,366.299988,370.140015,364.660004,367.640015,367.640015,546200
2018-07-16,368.559998,368.559998,359.76001,364.75,364.75,596400
2018-07-17,364.029999,366.670013,362.040009,365.429993,365.429993,415300
2018-07-18,365.519989,367.230011,360.720001,365.980011,365.980011,456700
2018-07-19,363.640015,368.200012,362.579987,367.73999,367.73999,667000
2018-07-20,367.040009,368.799988,363.690002,367.109985,367.109985,965100
2018-07-23,367.190002,368.230011,363.190002,366.209991,366.209991,1106500
2018-07-24,369.880005,374.480011,366.209991,372.769989,372.769989,846700
2018-07-25,370.980011,376.109985,369.570007,374.48999,374.48999,672700
2018-07-26,376.0,376.75,369.220001,373.589996,373.589996,579300
2018-07-27,373.140015,373.660004,361.649994,367.600006,367.600006,1093900
2018-07-30,365.559998,375.76001,363.160004,371.51001,371.51001,758400
2018-07-31,372.640015,375.0,365.440002,368.01001,368.01001,961500
2018-08-01,366.73999,373.220001,365.820007,371.029999,371.029999,675200
2018-08-02,372.480011,401.5,367.519989,397.0,397.0,2148400
2018-08-03,395.179993,399.0,390.75,394.880005,394.880005,1312200
2018-08-06,394.0,395.839996,389.519989,390.049988,390.049988,769100
2018-08-07,391.290009,395.320007,388.220001,391.420013,391.420013,477700
2018-08-08,380.0,380.0,367.630005,374.269989,374.269989,1161000
2018-08-09,372.769989,374.410004,363.25,372.140015,372.140015,1000600
2018-08-10,371.220001,371.850006,364.859985,368.779999,368.779999,633400
2018-08-13,367.0,368.570007,362.309998,366.450012,366.450012,590200
2018-08-14,367.049988,369.399994,364.959991,366.230011,366.230011,517700
2018-08-15,365.0,369.0,361.190002,361.869995,361.869995,551100
2018-08-16,364.480011,373.920013,361.76001,371.779999,371.779999,595400
2018-08-17,373.0,377.859985,370.170013,374.26001,374.26001,669600
2018-08-20,375.929993,377.540009,371.390015,374.799988,374.799988,543800
2018-08-21,374.549988,381.350006,374.149994,378.559998,378.559998,553500
2018-08-22,376.23999,382.190002,372.029999,380.170013,380.170013,464700
2018-08-23,378.839996,382.140015,376.589996,379.190002,379.190002,438900
2018-08-24,378.350006,380.190002,374.600006,376.329987,376.329987,421300
2018-08-27,378.690002,389.079987,377.040009,388.440002,388.440002,847700
2018-08-28,390.0,392.26001,387.049988,390.049988,390.049988,657900
2018-08-29,392.5,408.75,388.910004,406.619995,406.619995,1234200
2018-08-30,405.959991,416.48999,405.149994,408.51001,408.51001,956700
2018-08-31,407.200012,412.170013,406.299988,406.75,406.75,484400
2018-09-04,405.5,410.73999,399.470001,403.929993,403.929993,627100
2018-09-05,404.119995,409.670013,403.0,406.940002,406.940002,541000
2018-09-06,405.940002,405.940002,392.709991,397.929993,397.929993,483900
2018-09-07,395.420013,397.670013,388.019989,395.420013,395.420013,503600
2018-09-10,396.25,398.470001,392.100006,395.040009,395.040009,355700
2018-09-11,394.160004,396.019989,389.630005,393.769989,393.769989,346000
2018-09-12,394.839996,396.549988,382.440002,388.880005,388.880005,684200
2018-09-13,390.279999,398.570007,389.25,397.709991,397.709991,538800
2018-09-14,397.779999,400.0,388.109985,392.170013,392.170013,493400
2018-09-17,392.76001,394.529999,386.049988,386.48999,386.48999,525800
2018-09-18,382.730011,392.470001,375.209991,388.329987,388.329987,644600
2018-09-19,386.839996,386.980011,381.940002,383.700012,383.700012,610500
2018-09-20,385.059998,389.320007,383.0,387.25,387.25,680600
2018-09-21,389.730011,393.320007,387.390015,390.279999,390.279999,1147800
2018-09-24,387.290009,393.799988,385.950012,390.190002,390.190002,372800
2018-09-25,391.600006,394.769989,388.670013,390.049988,390.049988,442200
2018-09-26,389.709991,396.549988,388.910004,391.529999,391.529999,406200
2018-09-27,391.109985,407.100006,390.01001,406.0,406.0,813200
2018-09-28,405.920013,410.0,400.269989,404.040009,404.040009,841600
2018-10-01,406.410004,410.0,392.0,394.230011,394.230011,866700
2018-10-02,395.850006,405.75,395.01001,400.570007,400.570007,586900
2018-10-03,401.369995,403.589996,397.980011,403.040009,403.040009,516200
2018-10-04,401.359985,401.429993,387.839996,392.049988,392.049988,627500
2018-10-05,393.920013,400.75,386.75,391.769989,391.769989,453700
2018-10-08,391.570007,396.230011,386.429993,394.149994,394.149994,371500
2018-10-09,394.0,396.640015,388.679993,392.529999,392.529999,422000
2018-10-10,390.600006,397.940002,381.0,381.940002,381.940002,673300
2018-10-11,382.649994,384.179993,367.730011,371.670013,371.670013,761600
2018-10-12,377.119995,385.940002,373.100006,384.160004,384.160004,810200
2018-10-15,384.160004,385.779999,374.399994,377.549988,377.549988,444900
2018-10-16,381.309998,399.399994,380.779999,398.519989,398.519989,684500
2018-10-17,398.070007,401.0,392.450012,399.059998,399.059998,440000
2018-10-18,399.899994,399.899994,389.98999,395.220001,395.220001,553500
2018-10-19,396.579987,400.220001,387.519989,389.829987,389.829987,728900
2018-10-22,393.290009,398.279999,383.609985,387.799988,387.799988,643900
2018-10-23,384.170013,387.190002,377.089996,380.690002,380.690002,778000
2018-10-24,380.279999,386.089996,350.779999,351.390015,351.390015,1416600
2018-10-25,342.579987,348.98999,330.730011,336.940002,336.940002,2351700
2018-10-26,329.98999,342.790009,329.100006,335.820007,335.820007,1038700
2018-10-29,343.429993,343.429993,327.579987,336.179993,336.179993,947000
2018-10-30,335.859985,347.980011,332.399994,339.700012,339.700012,1086800
2018-10-31,344.820007,347.0,335.440002,339.23999,339.23999,890300
2018-11-01,339.0,355.529999,339.0,355.109985,355.109985,997300
2018-11-02,358.209991,361.179993,347.73999,352.589996,352.589996,663600
2018-11-05,354.359985,360.600006,352.619995,354.929993,354.929993,819100
2018-11-06,359.209991,367.0,349.589996,357.609985,357.609985,981400
2018-11-07,359.880005,365.679993,355.890015,364.25,364.25,823600
2018-11-08,359.380005,365.470001,358.019989,363.339996,363.339996,536600
2018-11-09,362.100006,362.549988,352.579987,356.660004,356.660004,544000
2018-11-12,355.929993,357.920013,344.630005,346.559998,346.559998,657100
2018-11-13,349.109985,352.679993,341.079987,342.100006,342.100006,594100
2018-11-14,344.640015,349.850006,335.799988,337.290009,337.290009,935300
2018-11-15,334.51001,344.48999,332.0,341.649994,341.649994,796700
2018-11-16,340.200012,347.329987,338.570007,345.329987,345.329987,768300
2018-11-19,343.450012,345.23999,333.929993,338.98999,338.98999,827800
2018-11-20,337.470001,343.670013,331.540009,337.290009,337.290009,552500
2018-11-21,339.600006,345.579987,339.209991,343.170013,343.170013,481200
2018-11-23,340.200012,349.630005,339.920013,340.859985,340.859985,199500
2018-11-26,343.959991,355.140015,341.839996,353.179993,353.179993,706000
2018-11-27,351.480011,356.98999,348.269989,353.589996,353.589996,558600
2018-11-28,354.619995,363.720001,350.450012,363.640015,363.640015,651100
2018-11-29,360.01001,364.890015,357.559998,359.570007,359.570007,555700
2018-11-30,361.100006,368.23999,359.5,365.649994,365.649994,696800
2018-12-03,372.5,394.980011,372.23999,382.609985,382.609985,1100700
2018-12-04,382.630005,396.320007,371.649994,372.799988,372.799988,1012900
2018-12-06,367.320007,381.970001,364.890015,381.690002,381.690002,896700
2018-12-07,379.279999,389.299988,370.350006,372.829987,372.829987,835800
2018-12-10,374.519989,380.309998,367.350006,377.589996,377.589996,876100
2018-12-11,382.170013,385.220001,372.390015,375.720001,375.720001,814700
2018-12-12,381.200012,385.980011,376.829987,377.959991,377.959991,601200
2018-12-13,378.26001,381.980011,372.649994,378.51001,378.51001,478900
2018-12-14,382.959991,386.899994,379.0,381.170013,381.170013,758400
2018-12-17,381.700012,386.350006,370.600006,375.5,375.5,833100
2018-12-18,377.549988,381.48999,364.730011,369.0,369.0,804800
2018-12-19,369.0,373.399994,355.450012,360.700012,360.700012,827100
2018-12-20,360.950012,363.820007,354.329987,356.230011,356.230011,852400
2018-12-21,357.600006,363.0,344.179993,344.600006,344.600006,1514200
2018-12-24,343.329987,347.890015,340.339996,340.640015,340.640015,463800
2018-12-26,341.980011,363.529999,339.130005,363.290009,363.290009,832700
2018-12-27,359.450012,364.869995,352.600006,364.790009,364.790009,690200
2018-12-28,366.549988,371.209991,361.540009,362.619995,362.619995,522200
2018-12-31,364.730011,374.75,364.640015,373.5,373.5,680200
2019-01-02,368.149994,376.790009,366.01001,372.440002,372.440002,599600
2019-01-03,373.660004,385.940002,371.579987,372.079987,372.079987,750200
2019-01-04,379.540009,399.700012,377.649994,397.549988,397.549988,1207600
2019-01-07,397.339996,400.799988,393.940002,396.630005,396.630005,959400
2019-01-08,399.309998,401.089996,389.0,397.26001,397.26001,963500
2019-01-09,398.019989,401.459991,395.609985,399.579987,399.579987,615600
2019-01-10,399.399994,410.0,395.980011,408.059998,408.059998,949300
2019-01-11,405.649994,412.290009,403.549988,408.630005,408.630005,758000
2019-01-14,408.160004,408.160004,399.109985,400.730011,400.730011,693300
2019-01-15,401.420013,405.160004,399.630005,405.019989,405.019989,475100
2019-01-16,406.170013,410.630005,402.850006,404.540009,404.540009,468800
2019-01-17,402.720001,420.290009,402.720001,417.380005,417.380005,860200
2019-01-18,420.420013,420.480011,410.0,418.839996,418.839996,710400
2019-01-22,415.769989,421.98999,404.0,404.75,404.75,899500
2019-01-23,404.920013,406.790009,393.170013,401.209991,401.209991,914000
2019-01-24,401.799988,408.880005,399.160004,407.929993,407.929993,655100
2019-01-25,410.850006,418.950012,406.100006,418.290009,418.290009,668000
2019-01-28,415.109985,416.48999,408.809998,413.950012,413.950012,761000
2019-01-29,415.720001,418.51001,413.0,417.149994,417.149994,724700
2019-01-30,416.350006,420.440002,412.630005,419.910004,419.910004,867800
2019-01-31,419.679993,430.579987,419.450012,429.269989,429.269989,1441800
2019-02-01,428.519989,431.320007,425.320007,430.149994,430.149994,702300
2019-02-04,428.920013,429.059998,422.48999,425.399994,425.399994,474600
2019-02-05,426.109985,427.5,419.630005,421.040009,421.040009,629600
2019-02-06,428.899994,429.899994,406.399994,406.559998,406.559998,1330800
2019-02-07,408.290009,414.220001,404.269989,406.459991,406.459991,738400
2019-02-08,405.440002,408.0,399.290009,406.859985,406.859985,692100
2019-02-11,409.369995,413.350006,403.0,408.51001,408.51001,587000
2019-02-12,411.559998,418.100006,408.019989,416.339996,416.339996,636900
2019-02-13,415.980011,421.660004,411.51001,412.089996,412.089996,349300
2019-02-14,412.0,416.26001,408.570007,414.970001,414.970001,349600
2019-02-15,417.970001,424.390015,415.720001,423.970001,423.970001,700000
2019-02-19,423.73999,426.410004,420.350006,420.600006,420.600006,397800
2019-02-20,420.0,423.399994,417.079987,422.51001,422.51001,411100
2019-02-21,421.809998,422.609985,415.579987,418.619995,418.619995,406600
2019-02-22,418.209991,423.649994,416.0,422.519989,422.519989,386600
2019-02-25,424.940002,426.529999,415.76001,420.380005,420.380005,660400
2019-02-26,418.570007,428.059998,415.829987,426.149994,426.149994,611100
2019-02-27,424.0,433.73999,424.0,433.329987,433.329987,598800
2019-02-28,430.190002,434.350006,428.619995,430.73999,430.73999,518000
2019-03-01,434.799988,440.049988,431.929993,439.570007,439.570007,511000
2019-03-04,441.179993,442.0,428.359985,433.829987,433.829987,769300
2019-03-05,432.119995,439.649994,430.48999,437.130005,437.130005,478300
2019-03-06,436.929993,438.019989,421.309998,423.690002,423.690002,812300
2019-03-07,422.899994,422.899994,409.190002,409.579987,409.579987,1020800
2019-03-08,407.51001,407.51001,399.579987,402.640015,402.640015,1091700
2019-03-11,404.149994,413.209991,402.25,412.049988,412.049988,874200
2019-03-12,413.559998,421.799988,411.190002,417.619995,417.619995,839700
2019-03-13,419.380005,419.600006,408.529999,409.01001,409.01001,988800
2019-03-14,409.890015,412.359985,406.339996,407.5,407.5,925200
2019-03-15,408.470001,415.0,408.399994,414.470001,414.470001,1158500
2019-03-18,410.0,413.76001,404.839996,407.600006,407.600006,545700
2019-03-19,407.73999,409.720001,404.399994,406.98999,406.98999,627900
2019-03-20,407.790009,409.679993,402.820007,405.5,405.5,479500
2019-03-21,401.0,405.119995,396.839996,402.589996,402.589996,880900
2019-03-22,401.480011,402.589996,391.429993,391.799988,391.799988,552600
2019-03-25,391.420013,397.609985,388.48999,395.0,395.0,431600
2019-03-26,398.779999,406.230011,398.519989,405.619995,405.619995,674800
2019-03-27,405.070007,407.450012,398.359985,402.869995,402.869995,450800
2019-03-28,405.670013,408.309998,402.299988,404.829987,404.829987,436300
2019-03-29,406.73999,412.600006,406.73999,410.619995,410.619995,492300
2019-04-01,412.51001,412.899994,408.0,410.049988,410.049988,496500
2019-04-02,411.350006,415.890015,407.559998,414.820007,414.820007,513000
2019-04-03,414.339996,415.160004,400.839996,407.0,407.0,789300
2019-04-04,408.0,410.799988,400.829987,406.529999,406.529999,517300
2019-04-05,408.170013,412.630005,406.549988,408.940002,408.940002,657400
2019-04-08,408.079987,410.940002,396.0,401.26001,401.26001,703800
2019-04-09,400.0,400.339996,395.140015,395.730011,395.730011,577700
2019-04-10,397.179993,408.480011,394.329987,408.230011,408.230011,579700
2019-04-11,410.0,410.190002,391.730011,393.480011,393.480011,843500
2019-04-12,393.170013,394.5,381.179993,382.940002,382.940002,1254100
2019-04-15,382.809998,385.98999,375.200012,375.5,375.5,811500
2019-04-16,377.899994,383.0,366.359985,367.690002,367.690002,1054900
2019-04-17,366.959991,368.019989,342.019989,342.970001,342.970001,1978400
2019-04-18,346.399994,347.549988,332.220001,333.339996,333.339996,1920400
2019-04-22,332.5,336.0,329.0,334.029999,334.029999,921700
2019-04-23,335.51001,346.640015,334.459991,344.140015,344.140015,972700
2019-04-24,344.429993,346.320007,338.670013,340.459991,340.459991,850700
2019-04-25,340.380005,351.899994,337.660004,349.98999,349.98999,891200
2019-04-26,351.25,351.670013,339.609985,343.660004,343.660004,846000
2019-04-29,343.130005,345.980011,338.619995,344.149994,344.149994,598100
2019-04-30,343.799988,345.040009,337.959991,343.140015,343.140015,554800
2019-05-01,343.040009,345.440002,338.910004,340.790009,340.790009,503400
2019-05-02,342.690002,344.290009,331.25,335.410004,335.410004,812400
2019-05-03,336.980011,339.709991,334.670013,336.890015,336.890015,848300
2019-05-06,332.200012,344.920013,332.200012,344.230011,344.230011,916700
2019-05-07,333.0,336.5,318.700012,322.399994,322.399994,1967300
2019-05-08,319.329987,329.75,319.329987,329.0,329.0,1183700
2019-05-09,325.790009,327.359985,320.73999,324.170013,324.170013,864100
2019-05-10,323.559998,323.809998,311.350006,312.859985,312.859985,1407500
2019-05-13,306.670013,309.299988,299.109985,305.149994,305.149994,1153600
2019-05-14,306.350006,309.190002,303.589996,304.619995,304.619995,836900
2019-05-15,301.950012,306.269989,297.320007,305.850006,305.850006,784100
2019-05-16,306.220001,314.059998,304.0,308.040009,308.040009,1049100
2019-05-17,305.799988,309.209991,303.700012,304.940002,304.940002,756000
2019-05-20,301.519989,304.570007,297.269989,302.570007,302.570007,738600
2019-05-21,304.880005,314.290009,304.880005,309.950012,309.950012,999900
2019-05-22,308.01001,321.48999,302.730011,320.089996,320.089996,1252700
2019-05-23,316.76001,318.660004,310.369995,315.26001,315.26001,934700
2019-05-24,316.660004,318.809998,308.470001,312.559998,312.559998,401100
2019-05-28,313.380005,315.790009,307.700012,307.929993,307.929993,718300
2019-05-29,307.089996,310.670013,302.779999,307.779999,307.779999,627100
2019-05-30,308.609985,310.359985,302.880005,307.959991,307.959991,627800
2019-05-31,305.980011,306.450012,295.730011,301.720001,301.720001,863500
2019-06-03,301.130005,309.73999,301.130005,303.950012,303.950012,670200
2019-06-04,306.029999,309.420013,300.579987,302.059998,302.059998,844600
2019-06-05,304.839996,304.950012,295.269989,300.0,300.0,979900
2019-06-06,300.119995,304.529999,298.730011,299.600006,299.600006,767600
2019-06-07,302.079987,307.0,297.859985,306.720001,306.720001,775500
2019-06-10,306.540009,310.920013,303.51001,304.25,304.25,726000
2019-06-11,306.880005,309.619995,306.230011,306.839996,306.839996,554900
2019-06-12,306.829987,309.470001,305.25,306.160004,306.160004,556000
2019-06-13,307.179993,308.190002,302.320007,307.420013,307.420013,653900
2019-06-14,306.809998,315.200012,304.0,305.23999,305.23999,624200
2019-06-17,307.339996,312.920013,301.76001,310.980011,310.980011,587900
2019-06-18,311.100006,317.839996,305.76001,306.630005,306.630005,1001000
2019-06-19,306.339996,311.899994,303.769989,310.829987,310.829987,971200
2019-06-20,315.700012,327.829987,315.25,320.480011,320.480011,1617100
2019-06-21,324.26001,324.26001,312.0,320.26001,320.26001,1493700
2019-06-24,318.76001,320.320007,311.26001,312.549988,312.549988,780700
2019-06-25,313.130005,317.420013,311.839996,312.899994,312.899994,702200
2019-06-26,313.25,316.649994,300.519989,305.079987,305.079987,1005000
2019-06-27,306.23999,311.570007,304.070007,310.670013,310.670013,564700
2019-06-28,312.119995,316.25,311.23999,313.0,313.0,1499000
2019-07-01,317.609985,318.600006,313.149994,316.559998,316.559998,688700
2019-07-02,317.619995,320.429993,313.0,315.529999,315.529999,758200
2019-07-03,317.420013,320.359985,312.529999,318.390015,318.390015,545000
2019-07-05,316.149994,320.76001,306.079987,307.0,307.0,799600
2019-07-08,305.100006,305.859985,296.809998,302.839996,302.839996,928800
2019-07-09,300.920013,308.390015,300.0,307.970001,307.970001,789800
2019-07-10,308.149994,309.839996,291.660004,301.429993,301.429993,1533800
2019-07-11,296.98999,296.98999,288.0,291.820007,291.820007,1414200
2019-07-12,292.119995,295.48999,287.660004,292.559998,292.559998,648400
2019-07-15,292.980011,300.339996,289.529999,298.200012,298.200012,875900
2019-07-16,299.190002,299.690002,295.779999,298.369995,298.369995,492500
2019-07-17,297.26001,303.299988,297.079987,299.420013,299.420013,646300
2019-07-18,299.790009,304.200012,297.200012,303.089996,303.089996,548000
2019-07-19,303.519989,303.679993,296.350006,298.109985,298.109985,692700
2019-07-22,298.200012,300.320007,294.700012,296.519989,296.519989,609000
2019-07-23,298.339996,310.869995,296.910004,309.26001,309.26001,992100
2019-07-24,310.869995,314.290009,303.589996,313.630005,313.630005,1144900
2019-07-25,311.119995,311.519989,302.920013,303.420013,303.420013,679500
2019-07-26,304.350006,309.730011,300.609985,309.179993,309.179993,956700
2019-07-29,314.5,314.950012,302.809998,306.040009,306.040009,691600
2019-07-30,304.309998,311.269989,303.519989,311.130005,311.130005,512700
2019-07-31,309.799988,312.26001,301.200012,304.76001,304.76001,690600
2019-08-01,306.679993,313.929993,304.609985,309.429993,309.429993,704200
2019-08-02,308.950012,311.109985,303.059998,305.23999,305.23999,506500
2019-08-05,302.149994,304.0,296.519989,299.570007,299.570007,845300
2019-08-06,304.480011,306.0,293.399994,300.26001,300.26001,1188200
2019-08-07,297.660004,304.609985,294.01001,302.220001,302.220001,811600
2019-08-08,303.119995,310.079987,303.119995,309.869995,309.869995,694000
2019-08-09,308.839996,310.179993,299.980011,304.890015,304.890015,537200
2019-08-12,298.640015,305.100006,295.609985,295.869995,295.869995,543400
2019-08-13,298.130005,307.670013,296.940002,304.859985,304.859985,610800
2019-08-14,301.829987,304.299988,292.420013,293.529999,293.529999,676400
2019-08-15,295.369995,296.910004,290.470001,293.109985,293.109985,564000
2019-08-16,295.320007,297.350006,290.720001,296.850006,296.850006,730200
2019-08-19,299.339996,300.820007,296.799988,298.380005,298.380005,781200
2019-08-20,299.209991,301.0,294.98999,296.029999,296.029999,571500
2019-08-21,297.980011,300.51001,295.019989,297.779999,297.779999,451700
2019-08-22,297.5,298.950012,291.609985,295.019989,295.019989,441400
2019-08-23,293.959991,296.26001,285.549988,286.850006,286.850006,815800
2019-08-26,288.23999,290.369995,283.48999,284.730011,284.730011,527500
2019-08-27,285.869995,291.140015,281.109985,281.410004,281.410004,801500
2019-08-28,280.040009,290.290009,279.390015,287.640015,287.640015,713600
2019-08-29,289.790009,292.700012,287.089996,290.570007,290.570007,509300
2019-08-30,292.019989,293.459991,287.25,290.049988,290.049988,604500
2019-09-03,289.200012,290.390015,281.25,285.119995,285.119995,566000
2019-09-04,288.209991,288.98999,282.309998,286.5,286.5,628600
2019-09-05,287.940002,293.640015,287.940002,289.369995,289.369995,494100
2019-09-06,290.450012,293.200012,287.670013,292.0,292.0,570100
2019-09-09,291.529999,291.929993,278.720001,279.0,279.0,927500
2019-09-10,279.029999,285.049988,271.570007,283.720001,283.720001,1159800
2019-09-11,284.0,287.480011,282.549988,283.329987,283.329987,517600
2019-09-12,284.640015,288.880005,281.01001,284.179993,284.179993,539800
2019-09-13,283.839996,287.0,279.470001,281.619995,281.619995,617100
2019-09-16,280.5,287.279999,280.5,285.890015,285.890015,476100
2019-09-17,284.769989,288.890015,283.649994,288.119995,288.119995,604700
2019-09-18,288.549988,288.549988,281.399994,285.059998,285.059998,548800
2019-09-19,284.660004,287.950012,284.660004,286.149994,286.149994,404900
2019-09-20,288.75,297.640015,286.679993,295.869995,295.869995,1661800
2019-09-23,297.359985,299.980011,293.029999,294.700012,294.700012,649400
2019-09-24,295.019989,296.0,287.619995,289.709991,289.709991,642300
2019-09-25,290.209991,291.899994,286.329987,286.649994,286.649994,468800
2019-09-26,287.700012,287.700012,277.859985,281.309998,281.309998,855900
2019-09-27,280.450012,282.809998,271.369995,273.459991,273.459991,770400
2019-09-30,275.299988,280.049988,272.019989,277.399994,277.399994,515100
2019-10-01,277.269989,279.410004,273.399994,276.470001,276.470001,589600
2019-10-02,275.309998,277.859985,272.26001,274.130005,274.130005,572100
2019-10-03,274.350006,281.700012,272.269989,280.720001,280.720001,632000
2019-10-04,281.660004,284.040009,278.0,282.929993,282.929993,511900
2019-10-07,280.660004,287.769989,280.660004,283.809998,283.809998,422700
2019-10-08,280.51001,288.630005,279.220001,285.100006,285.100006,984000
2019-10-09,286.820007,292.25,286.089996,290.829987,290.829987,980600
2019-10-10,289.380005,299.950012,288.980011,298.359985,298.359985,960600
2019-10-11,300.109985,306.420013,298.899994,300.769989,300.769989,1074600
2019-10-14,299.399994,310.149994,298.600006,305.440002,305.440002,840700
2019-10-15,305.350006,306.959991,303.0,303.820007,303.820007,731900
2019-10-16,302.26001,303.390015,298.279999,299.399994,299.399994,827000
2019-10-17,301.209991,302.709991,299.940002,301.570007,301.570007,445700
2019-10-18,303.51001,303.51001,298.700012,300.190002,300.190002,530000
2019-10-21,301.970001,301.970001,294.859985,297.98999,297.98999,496800
2019-10-22,305.0,306.929993,301.200012,301.309998,301.309998,723200
2019-10-23,301.859985,307.070007,299.470001,305.019989,305.019989,589300
2019-10-24,303.75,306.089996,299.220001,305.769989,305.769989,565800
2019-10-25,305.279999,308.01001,301.790009,306.209991,306.209991,412800
2019-10-28,305.619995,310.529999,303.220001,308.559998,308.559998,384800
2019-10-29,310.0,313.390015,308.589996,310.459991,310.459991,387600
2019-10-30,310.100006,311.790009,306.119995,311.0,311.0,604400
2019-10-31,310.619995,311.380005,303.48999,306.279999,306.279999,741100
2019-11-01,309.0,313.160004,307.440002,310.480011,310.480011,829800
2019-11-04,313.049988,315.940002,310.73999,311.040009,311.040009,632800
2019-11-05,323.359985,344.100006,322.109985,332.600006,332.600006,2345700
2019-11-06,331.369995,333.279999,324.269989,324.48999,324.48999,1017700
2019-11-07,329.179993,333.720001,325.619995,326.390015,326.390015,952300
2019-11-08,327.519989,342.470001,327.029999,341.790009,341.790009,1106100
2019-11-11,340.339996,344.98999,338.709991,344.279999,344.279999,611900
2019-11-12,344.0,349.940002,341.359985,348.410004,348.410004,905400
2019-11-13,346.329987,349.630005,341.820007,348.299988,348.299988,1009400
2019-11-14,349.799988,350.0,337.029999,338.390015,338.390015,1029600
2019-11-15,340.950012,349.859985,338.709991,344.869995,344.869995,912200
2019-11-18,342.589996,344.209991,337.529999,340.190002,340.190002,622500
2019-11-19,344.179993,348.190002,340.209991,344.459991,344.459991,630800
2019-11-20,341.980011,347.420013,341.980011,344.23999,344.23999,1058100
2019-11-21,343.600006,353.0,341.609985,350.779999,350.779999,858300
2019-11-22,350.929993,365.73999,350.929993,360.660004,360.660004,1286400
2019-11-25,362.440002,367.019989,358.480011,366.820007,366.820007,845000
2019-11-26,366.869995,367.399994,361.76001,363.829987,363.829987,735100
2019-11-27,365.070007,372.589996,364.619995,371.579987,371.579987,734400
2019-11-29,372.059998,372.470001,366.769989,369.0,369.0,463600
2019-12-02,368.179993,369.0,363.070007,366.079987,366.079987,652200
2019-12-03,366.98999,369.5,363.399994,368.809998,368.809998,929700
2019-12-04,369.190002,373.339996,367.570007,369.970001,369.970001,605000
2019-12-05,370.970001,372.0,366.160004,368.339996,368.339996,501800
2019-12-06,369.519989,373.730011,368.299988,372.26001,372.26001,575900
2019-12-09,373.089996,373.089996,362.890015,365.630005,365.630005,974400
2019-12-10,357.149994,372.149994,357.0,367.670013,367.670013,1061600
2019-12-11,368.399994,376.679993,368.25,373.529999,373.529999,935700
2019-12-12,374.100006,382.25,372.079987,372.160004,372.160004,949900
2019-12-13,376.160004,379.179993,372.559998,376.420013,376.420013,995900
2019-12-16,367.839996,377.220001,367.709991,376.01001,376.01001,756600
2019-12-17,375.730011,375.730011,368.220001,369.100006,369.100006,1002900
2019-12-18,370.299988,373.630005,368.730011,371.359985,371.359985,831300
2019-12-19,371.950012,373.980011,363.140015,372.549988,372.549988,903700
2019-12-20,374.940002,375.799988,371.01001,375.619995,375.619995,1192800
2019-12-23,377.200012,377.880005,372.559998,374.200012,374.200012,431200
2019-12-24,374.75,376.709991,372.51001,376.51001,376.51001,221500
2019-12-26,376.76001,377.76001,374.0,374.859985,374.859985,451900
2019-12-27,375.23999,375.950012,370.970001,373.320007,373.320007,293000
2019-12-30,373.73999,375.820007,371.040009,373.700012,373.700012,369200
2019-12-31,373.640015,376.709991,372.040009,375.480011,375.480011,494600
2020-01-02,378.0,379.0,369.23999,373.350006,373.350006,512400
2020-01-03,368.209991,372.350006,367.049988,369.160004,369.160004,500800
2020-01-06,368.230011,372.140015,364.5,371.73999,371.73999,690800
2020-01-07,371.559998,373.829987,368.019989,373.130005,373.130005,736400
2020-01-08,373.179993,384.850006,370.709991,382.420013,382.420013,743100
2020-01-09,383.630005,386.540009,381.369995,383.470001,383.470001,587500
2020-01-10,384.619995,386.100006,380.0,381.410004,381.410004,568100
2020-01-13,380.01001,380.339996,375.130005,378.929993,378.929993,637200
2020-01-14,378.299988,388.420013,375.570007,387.619995,387.619995,638900
2020-01-15,387.420013,396.470001,387.420013,390.75,390.75,680700
2020-01-16,393.170013,394.0,381.820007,385.570007,385.570007,620500
2020-01-17,386.100006,386.600006,382.529999,385.940002,385.940002,862800
2020-01-21,385.899994,386.309998,363.679993,363.709991,363.709991,1488400
2020-01-22,365.720001,367.140015,356.459991,359.140015,359.140015,1320300
2020-01-23,359.420013,360.450012,354.209991,356.600006,356.600006,737600
2020-01-24,359.910004,359.910004,343.089996,345.279999,345.279999,1103100
2020-01-27,341.200012,343.320007,336.170013,339.420013,339.420013,775000
2020-01-28,341.600006,345.769989,337.299988,344.079987,344.079987,729500
2020-01-29,346.25,347.970001,338.899994,339.25,339.25,558600
2020-01-30,335.679993,337.570007,331.570007,336.179993,336.179993,664100
2020-01-31,333.170013,338.980011,328.130005,337.940002,337.940002,988600
2020-02-03,339.690002,347.0,339.390015,341.119995,341.119995,930100
2020-02-04,347.899994,359.48999,347.619995,356.0,356.0,956800
2020-02-05,364.839996,376.679993,363.0,372.160004,372.160004,1404400
2020-02-06,385.529999,394.679993,375.029999,389.850006,389.850006,1605500
2020-02-07,391.070007,391.369995,378.51001,381.869995,381.869995,1172400
2020-02-10,378.160004,389.839996,377.440002,386.209991,386.209991,939500
2020-02-11,390.209991,398.0,387.980011,396.75,396.75,992800
2020-02-12,398.130005,407.049988,397.640015,406.299988,406.299988,1076200
2020-02-13,406.440002,408.0,398.100006,398.809998,398.809998,656800
2020-02-14,399.100006,402.089996,393.390015,399.549988,399.549988,536800
2020-02-18,396.820007,402.0,395.01001,397.649994,397.649994,512200
2020-02-19,397.859985,402.209991,395.309998,400.809998,400.809998,564000
2020-02-20,399.899994,401.089996,393.76001,399.140015,399.140015,660800
2020-02-21,396.070007,404.540009,392.859985,403.149994,403.149994,655300
2020-02-24,395.540009,426.359985,386.839996,425.380005,425.380005,2959700
2020-02-25,437.25,457.600006,437.0,442.350006,442.350006,3568800
2020-02-26,444.019989,461.339996,442.440002,457.920013,457.920013,2299300
2020-02-27,468.559998,470.0,430.700012,431.609985,431.609985,2093500
2020-02-28,422.369995,445.049988,418.220001,444.570007,444.570007,1591000
2020-03-02,445.0,465.51001,445.0,464.75,464.75,1713100
2020-03-03,454.720001,467.690002,448.109985,461.549988,461.549988,1210600
2020-03-04,467.959991,494.559998,467.130005,493.480011,493.480011,1960700
2020-03-05,480.940002,500.0,480.0,488.170013,488.170013,1270200
2020-03-06,477.290009,496.98999,477.0,494.429993,494.429993,1130700
2020-03-09,466.940002,486.690002,466.149994,474.440002,474.440002,1344100
2020-03-10,488.450012,488.709991,460.799988,475.019989,475.019989,1390500
2020-03-11,479.109985,485.980011,459.609985,464.700012,464.700012,1351800
2020-03-12,444.359985,451.959991,426.100006,431.890015,431.890015,1627800
2020-03-13,445.01001,466.040009,418.01001,465.549988,465.549988,1380700
2020-03-16,452.51001,484.579987,433.820007,440.829987,440.829987,1926300
2020-03-17,494.0,512.97998,473.0,491.690002,491.690002,3856500
2020-03-18,495.779999,499.0,455.559998,485.0,485.0,2529500
2020-03-19,483.929993,518.0,469.450012,489.829987,489.829987,2358200
2020-03-20,493.01001,499.5,435.01001,438.450012,438.450012,2027000
2020-03-23,449.839996,477.0,433.279999,455.630005,455.630005,1829300
2020-03-24,468.220001,471.98999,424.01001,449.529999,449.529999,1615700
2020-03-25,443.040009,458.829987,427.079987,429.779999,429.779999,1288000
2020-03-26,426.51001,452.700012,424.019989,452.299988,452.299988,1686200
2020-03-27,446.029999,465.790009,445.149994,449.519989,449.519989,1109000
2020-03-30,463.089996,476.100006,461.0,473.0,473.0,1337000
2020-03-31,474.0,495.480011,463.799988,488.290009,488.290009,1953200
2020-04-01,484.140015,499.98999,476.450012,496.649994,496.649994,1679800
2020-04-02,494.290009,501.0,483.109985,498.75,498.75,1058900
2020-04-03,495.559998,503.26001,485.040009,493.320007,493.320007,1169500
2020-04-06,503.380005,511.01001,488.890015,504.269989,504.269989,1285500
2020-04-07,502.809998,509.73999,492.01001,501.51001,501.51001,1046900
2020-04-08,502.209991,514.109985,488.0,512.330017,512.330017,1167100
2020-04-09,510.100006,515.640015,500.869995,512.960022,512.960022,1011800
2020-04-13,512.01001,519.0,504.119995,517.02002,517.02002,789800
2020-04-14,524.619995,525.900024,517.0,524.840027,524.840027,962600
2020-04-15,525.299988,527.099976,510.5,511.690002,511.690002,836800
2020-04-16,518.919983,541.969971,517.619995,539.929993,539.929993,1206300
2020-04-17,549.98999,572.5,539.140015,568.789978,568.789978,2133500
2020-04-20,566.710022,574.320007,560.390015,567.98999,567.98999,949300
2020-04-21,566.059998,568.98999,536.799988,544.460022,544.460022,1026300
2020-04-22,555.5,563.369995,540.950012,558.080017,558.080017,825800
2020-04-23,558.929993,573.159973,557.48999,565.52002,565.52002,739500
2020-04-24,573.640015,574.0,556.469971,566.210022,566.210022,837100
2020-04-27,563.150024,565.679993,539.150024,547.52002,547.52002,1467800
2020-04-28,537.47998,539.97998,522.419983,528.609985,528.609985,1128200
2020-04-29,532.640015,533.169983,513.809998,516.150024,516.150024,1306300
2020-04-30,513.98999,527.429993,507.690002,525.880005,525.880005,938000
2020-05-01,524.22998,529.210022,514.549988,525.5,525.5,482200
2020-05-04,528.179993,544.200012,527.619995,541.820007,541.820007,885600
2020-05-05,563.059998,581.0,561.27002,574.369995,574.369995,1550700
2020-05-06,559.200012,569.98999,541.559998,553.5,553.5,1906200
2020-05-07,564.390015,570.210022,555.960022,559.830017,559.830017,1132100
2020-05-08,562.0,567.830017,553.52002,563.400024,563.400024,698900
2020-05-11,565.22998,578.77002,564.099976,574.109985,574.109985,1040900
2020-05-12,576.97998,578.0,556.450012,557.539978,557.539978,918600
2020-05-13,560.650024,581.780029,558.51001,577.119995,577.119995,1058900
2020-05-14,577.179993,580.77002,565.599976,570.859985,570.859985,702300
2020-05-15,566.780029,577.0,563.080017,576.719971,576.719971,865700
2020-05-18,582.0,583.539978,558.890015,560.280029,560.280029,962800
2020-05-19,561.0,569.5,557.599976,557.599976,557.599976,737900
2020-05-20,562.070007,580.549988,561.390015,576.890015,576.890015,840800
2020-05-21,577.51001,578.340027,556.679993,560.97998,560.97998,812600
2020-05-22,558.119995,574.190002,558.119995,569.909973,569.909973,653500
2020-05-26,548.539978,556.130005,534.25,545.210022,545.210022,3742000
2020-05-27,538.700012,555.530029,522.02002,544.01001,544.01001,5902600
2020-05-28,547.5,583.030029,546.130005,578.210022,578.210022,7869500
2020-05-29,580.700012,615.359985,571.52002,612.809998,612.809998,6675100
2020-06-01,605.0,610.0,597.619995,599.469971,599.469971,1579300
2020-06-02,602.200012,618.710022,591.669983,617.659973,617.659973,1511500
2020-06-03,615.369995,616.679993,589.599976,604.280029,604.280029,1541000
2020-06-04,596.98999,610.98999,592.789978,598.539978,598.539978,851800
2020-06-05,585.0,600.140015,578.429993,597.0,597.0,1324100
2020-06-08,587.880005,605.26001,579.599976,604.039978,604.039978,964700
2020-06-09,603.48999,611.559998,601.890015,608.590027,608.590027,849900
2020-06-10,613.030029,617.369995,603.0,606.590027,606.590027,925500
2020-06-11,621.0,625.789978,592.320007,596.159973,596.159973,1515800
2020-06-12,616.01001,619.679993,583.140015,588.390015,588.390015,1230200
2020-06-15,584.539978,593.48999,582.320007,590.570007,590.570007,676100
2020-06-16,590.0,597.150024,575.890015,592.900024,592.900024,741400
2020-06-17,596.330017,606.5,594.859985,603.099976,603.099976,678000
2020-06-18,601.340027,604.030029,590.299988,597.349976,597.349976,645000
2020-06-19,602.309998,646.330017,598.710022,643.919983,643.919983,2668600
2020-06-22,634.090027,634.190002,618.190002,628.47998,628.47998,1238800
2020-06-23,631.330017,637.539978,623.01001,628.76001,628.76001,832700
2020-06-24,630.0,644.700012,599.0,605.039978,605.039978,1459600
2020-06-25,604.669983,620.289978,602.51001,619.960022,619.960022,813900
2020-06-26,611.02002,616.349976,601.559998,611.359985,611.359985,1817800
2020-06-29,609.369995,617.27002,605.77002,610.869995,610.869995,663200
2020-06-30,621.929993,626.059998,611.159973,623.650024,623.650024,754900
2020-07-01,625.0,625.0,601.02002,609.169983,609.169983,984700
2020-07-02,612.099976,630.76001,608.76001,622.450012,622.450012,802500
2020-07-06,635.0,639.0,623.5,627.25,627.25,1041000
2020-07-07,636.030029,653.530029,628.22998,640.880005,640.880005,1423100
2020-07-08,650.409973,650.48999,632.419983,640.340027,640.340027,660100
2020-07-09,648.0,655.929993,629.0,640.630005,640.630005,1009600
2020-07-10,638.400024,639.98999,617.950012,620.859985,620.859985,929000
2020-07-13,623.669983,633.840027,614.109985,615.880005,615.880005,733200
2020-07-14,615.580017,644.340027,612.200012,641.22998,641.22998,864200
2020-07-15,641.98999,644.73999,626.5,632.73999,632.73999,568800
2020-07-16,628.75,634.26001,621.98999,632.210022,632.210022,410300
2020-07-17,635.0,650.0,632.210022,644.059998,644.059998,713700
2020-07-20,646.640015,664.640015,646.5,658.210022,658.210022,671100
2020-07-21,658.0,658.0,635.640015,638.859985,638.859985,753400
2020-07-22,642.590027,644.059998,634.359985,637.530029,637.530029,497200
2020-07-23,637.919983,644.320007,628.340027,630.309998,630.309998,571300
2020-07-24,623.700012,623.700012,596.02002,608.940002,608.940002,1206000
2020-07-27,620.0,638.419983,613.289978,637.400024,637.400024,850800
2020-07-28,636.200012,638.359985,629.070007,631.0,631.0,452000
2020-07-29,634.049988,634.469971,625.880005,632.159973,632.159973,369900
2020-07-30,625.719971,641.380005,625.719971,631.469971,631.469971,615700
2020-07-31,634.679993,634.789978,620.059998,632.070007,632.070007,663000
2020-08-03,634.840027,647.400024,632.72998,645.179993,645.179993,487200
2020-08-04,654.460022,654.460022,636.099976,648.429993,648.429993,747700
2020-08-05,654.950012,660.0,623.900024,624.52002,624.52002,1132700
2020-08-06,628.880005,630.0,613.599976,621.210022,621.210022,663500
2020-08-07,621.0,627.460022,614.549988,620.210022,620.210022,432600
2020-08-10,623.0,624.359985,596.580017,608.23999,608.23999,624300
2020-08-11,601.109985,608.23999,592.450012,598.859985,598.859985,587200
2020-08-12,599.900024,617.0,599.900024,612.349976,612.349976,562600
2020-08-13,611.48999,616.23999,607.27002,610.890015,610.890015,378100
2020-08-14,610.090027,617.309998,610.090027,612.570007,612.570007,302900
2020-08-17,614.73999,627.98999,614.210022,620.72998,620.72998,403900
2020-08-18,623.01001,623.01001,613.27002,618.590027,618.590027,387900
2020-08-19,628.97998,640.650024,625.0,629.630005,629.630005,720700
2020-08-20,610.01001,619.75,608.440002,616.890015,616.890015,656600
2020-08-21,617.179993,618.070007,603.219971,605.48999,605.48999,662200
2020-08-24,612.380005,613.099976,590.710022,594.77002,594.77002,991900
2020-08-25,596.51001,615.0,594.73999,610.5,610.5,734300
2020-08-26,605.5,613.140015,604.48999,612.0,612.0,487900
2020-08-27,614.669983,619.52002,610.22998,614.969971,614.969971,534900
2020-08-28,611.0,614.51001,598.900024,602.609985,602.609985,584200
2020-08-31,602.330017,621.609985,601.349976,619.929993,619.929993,908100
2020-09-01,615.630005,620.0,589.299988,592.679993,592.679993,1028000
2020-09-02,591.299988,610.98999,591.299988,610.150024,610.150024,878000
2020-09-03,610.400024,610.419983,575.099976,577.400024,577.400024,841500
2020-09-04,575.0,584.0,564.5,580.359985,580.359985,715400
2020-09-08,577.780029,578.98999,560.780029,561.890015,561.890015,688300
2020-09-09,565.0,575.080017,564.960022,571.150024,571.150024,620400
2020-09-10,566.640015,572.799988,548.23999,550.099976,550.099976,879300
2020-09-11,551.789978,561.330017,540.0,544.75,544.75,814100
2020-09-14,554.409973,566.51001,550.650024,564.200012,564.200012,762200
2020-09-15,569.169983,582.859985,567.590027,579.900024,579.900024,612400
2020-09-16,584.119995,586.440002,568.0,569.150024,569.150024,804400
2020-09-17,557.190002,569.369995,557.190002,565.0,565.0,686500
2020-09-18,567.47998,567.830017,544.960022,555.23999,555.23999,1977100
2020-09-21,551.140015,556.460022,542.159973,555.700012,555.700012,682500
2020-09-22,552.359985,573.450012,552.359985,571.51001,571.51001,580500
2020-09-23,572.369995,578.159973,562.48999,565.190002,565.190002,535600
2020-09-24,561.0,564.98999,554.700012,557.460022,557.460022,457900
2020-09-25,555.400024,575.919983,551.0,574.059998,574.059998,643600
2020-09-28,572.830017,574.619995,559.059998,571.919983,571.919983,637000
2020-09-29,573.200012,576.0,567.919983,573.609985,573.609985,454100
2020-09-30,589.77002,589.77002,554.0,559.780029,559.780029,2159300
2020-10-01,562.5,568.380005,552.27002,568.140015,568.140015,1092600
2020-10-02,562.0,576.0,554.039978,564.799988,564.799988,1235100
2020-10-05,598.900024,619.969971,591.150024,605.080017,605.080017,4843300
2020-10-06,605.320007,610.380005,579.02002,581.640015,581.640015,1725300
2020-10-07,588.48999,593.880005,581.650024,591.690002,591.690002,957200
2020-10-08,614.650024,615.0,598.099976,599.880005,599.880005,2355600
2020-10-09,601.0,604.440002,593.51001,602.070007,602.070007,1190100
2020-10-12,602.25,605.390015,590.849976,601.549988,601.549988,1003200
2020-10-13,601.599976,616.309998,600.179993,607.97998,607.97998,1243900
2020-10-14,609.179993,610.919983,596.75,600.820007,600.820007,951400
2020-10-15,598.02002,605.119995,580.73999,585.179993,585.179993,1048300
2020-10-16,590.0,605.429993,585.669983,599.73999,599.73999,1168800
2020-10-19,600.0,601.090027,579.0,583.140015,583.140015,778400
2020-10-20,582.0,586.48999,573.140015,576.630005,576.630005,637500
2020-10-21,577.530029,581.679993,567.02002,572.400024,572.400024,493800
2020-10-22,566.039978,577.049988,566.039978,575.72998,575.72998,467200
2020-10-23,580.289978,582.719971,575.119995,579.809998,579.809998,565900
2020-10-26,574.659973,587.619995,574.659973,585.73999,585.73999,533500
2020-10-27,584.97998,590.969971,579.039978,582.52002,582.52002,526200
2020-10-28,576.690002,578.97998,563.869995,567.039978,567.039978,592900
2020-10-29,576.0,576.0,555.539978,555.789978,555.789978,905000
2020-10-30,545.119995,556.580017,533.22998,543.559998,543.559998,1164700
2020-11-02,545.059998,557.409973,539.169983,548.580017,548.580017,835900
2020-11-03,551.890015,561.23999,550.0,557.190002,557.190002,490400
2020-11-04,578.090027,593.960022,575.950012,587.140015,587.140015,1195600
2020-11-05,595.0,596.799988,578.950012,588.809998,588.809998,944300
2020-11-06,589.039978,589.039978,572.719971,578.030029,578.030029,748400
2020-11-09,551.609985,573.159973,540.309998,567.549988,567.549988,1321100
2020-11-10,560.0,565.98999,546.929993,559.219971,559.219971,839200
2020-11-11,564.849976,573.659973,560.0,567.72998,567.72998,671000
2020-11-12,568.919983,571.0,554.840027,556.780029,556.780029,548500
2020-11-13,560.219971,567.700012,556.799988,566.429993,566.429993,565800
2020-11-16,557.450012,566.789978,556.0,559.289978,559.289978,542100
2020-11-17,556.380005,556.599976,536.049988,538.150024,538.150024,1051700
2020-11-18,543.0,543.0,518.190002,519.039978,519.039978,1240800
2020-11-19,519.190002,525.690002,514.419983,514.710022,514.710022,947600
2020-11-20,513.960022,521.27002,509.339996,518.73999,518.73999,1045300
2020-11-23,538.859985,538.859985,516.799988,523.609985,523.609985,1764400
2020-11-24,521.609985,528.440002,505.799988,506.100006,506.100006,1270300
2020-11-25,507.179993,515.469971,507.179993,508.309998,508.309998,711800
2020-11-27,513.419983,518.919983,509.200012,514.049988,514.049988,498200
2020-11-30,520.0,520.780029,507.600006,516.030029,516.030029,1707500
2020-12-01,516.0,525.280029,513.690002,514.070007,514.070007,937400
2020-12-02,515.940002,515.940002,503.809998,505.130005,505.130005,782700
2020-12-03,505.200012,509.540009,497.119995,498.839996,498.839996,966000
2020-12-04,497.01001,501.850006,490.059998,492.450012,492.450012,961200
2020-12-07,497.48999,499.700012,492.790009,495.410004,495.410004,881900
2020-12-08,497.100006,497.880005,486.299988,497.140015,497.140015,1007900
2020-12-09,500.0,500.0,484.0,488.640015,488.640015,934300
2020-12-10,485.290009,487.119995,477.869995,478.980011,478.980011,1184100
2020-12-11,478.220001,483.540009,471.579987,479.769989,479.769989,1013500
2020-12-14,484.119995,502.600006,483.549988,500.380005,500.380005,1245800
2020-12-15,500.690002,500.98999,486.820007,491.790009,491.790009,1086300
2020-12-16,491.799988,494.459991,485.149994,486.570007,486.570007,862500
2020-12-17,486.899994,496.75,486.5,496.209991,496.209991,856300
2020-12-18,500.0,506.98999,496.809998,498.890015,498.890015,1820900
2020-12-21,494.0,497.290009,485.059998,496.73999,496.73999,1009300
2020-12-22,496.0,496.480011,488.5,490.059998,490.059998,849600
2020-12-23,491.200012,493.630005,488.519989,492.190002,492.190002,545700
2020-12-24,492.440002,495.230011,486.029999,488.929993,488.929993,289100
2020-12-28,488.720001,492.690002,482.209991,482.959991,482.959991,713400
2020-12-29,485.0,490.450012,482.420013,484.220001,484.220001,558200
2020-12-30,487.390015,488.829987,477.679993,478.299988,478.299988,633200
2020-12-31,477.809998,483.570007,470.779999,483.109985,483.109985,897900
2021-01-04,486.850006,491.779999,473.579987,482.859985,482.859985,911100
2021-01-05,480.390015,486.25,475.410004,483.450012,483.450012,797700
2021-01-06,477.149994,483.0,467.0,470.089996,470.089996,1434700
2021-01-07,471.23999,481.839996,467.179993,481.200012,481.200012,1126600
2021-01-08,487.929993,500.700012,487.929993,498.730011,498.730011,1018800
2021-01-11,501.0,505.140015,489.350006,502.920013,502.920013,1115300
2021-01-12,504.410004,518.5,502.0,505.75,505.75,1264100
2021-01-13,517.0,522.0,509.140015,511.899994,511.899994,1333800
2021-01-14,513.099976,524.880005,511.329987,517.909973,517.909973,848600
2021-01-15,518.099976,522.98999,511.109985,517.929993,517.929993,796900
2021-01-19,523.030029,536.619995,522.059998,533.890015,533.890015,995400
2021-01-20,536.780029,543.98999,529.309998,542.27002,542.27002,862700
2021-01-21,540.580017,543.280029,527.909973,535.47998,535.47998,940100
2021-01-22,534.099976,546.719971,534.099976,537.780029,537.780029,620600
2021-01-25,554.320007,555.0,538.77002,548.200012,548.200012,828400
2021-01-26,558.909973,558.909973,542.140015,544.099976,544.099976,901700
2021-01-27,540.580017,541.969971,512.940002,515.559998,515.559998,1433500
2021-01-28,521.27002,529.51001,505.109985,506.269989,506.269989,1050700
2021-01-29,505.970001,514.419983,496.100006,503.839996,503.839996,1389800
2021-02-01,512.820007,512.820007,503.100006,508.079987,508.079987,790600
2021-02-02,511.01001,513.280029,498.019989,499.980011,499.980011,884500
2021-02-03,505.089996,507.279999,490.839996,491.179993,491.179993,1076700
2021-02-04,494.070007,498.959991,490.019989,498.839996,498.839996,1394600
2021-02-05,513.840027,514.969971,495.220001,498.980011,498.980011,1662800
2021-02-08,503.140015,506.630005,492.459991,494.899994,494.899994,1320400
2021-02-09,496.529999,497.98999,487.549988,490.679993,490.679993,1056000
2021-02-10,493.429993,497.859985,488.119995,491.220001,491.220001,959200
2021-02-11,491.230011,496.600006,486.040009,490.540009,490.540009,1057400
2021-02-12,494.25,494.480011,482.850006,485.619995,485.619995,1295600
2021-02-16,488.01001,492.0,478.440002,480.709991,480.709991,1363500
2021-02-17,477.0,484.380005,476.559998,481.679993,481.679993,1010700
2021-02-18,479.899994,481.76001,475.839996,477.029999,477.029999,1124300
2021-02-19,478.25,483.679993,470.269989,470.369995,470.369995,1129900
2021-02-22,468.269989,468.269989,459.899994,460.579987,460.579987,1345600
2021-02-23,458.059998,468.959991,448.0,468.029999,468.029999,1705600
2021-02-24,466.109985,469.470001,457.170013,458.600006,458.600006,1103400
2021-02-25,460.309998,465.0,448.329987,453.190002,453.190002,1126100
2021-02-26,455.839996,457.170013,445.570007,450.570007,450.570007,1193500
2021-03-01,454.48999,463.850006,453.829987,463.049988,463.049988,856500
2021-03-02,463.130005,466.0,454.350006,454.859985,454.859985,759200
2021-03-03,456.140015,458.649994,446.380005,446.730011,446.730011,898000
2021-03-04,445.369995,451.850006,441.0,449.380005,449.380005,1093800
2021-03-05,451.579987,463.829987,449.299988,461.570007,461.570007,1223200
2021-03-08,456.48999,473.5,456.48999,463.190002,463.190002,1014300
2021-03-09,469.799988,478.130005,469.320007,470.630005,470.630005,868400
2021-03-10,473.890015,474.980011,465.209991,467.950012,467.950012,724700
2021-03-11,469.0,474.890015,466.730011,469.959991,469.959991,744900
2021-03-12,467.0,471.820007,463.649994,471.459991,471.459991,552700
2021-03-15,473.01001,484.700012,472.26001,483.940002,483.940002,728500
2021-03-16,485.0,490.220001,479.609985,482.170013,482.170013,698400
2021-03-17,495.0,497.709991,483.149994,496.01001,496.01001,1101000
2021-03-18,485.079987,491.880005,474.309998,474.679993,474.679993,921100
2021-03-19,478.309998,482.589996,472.480011,473.700012,473.700012,1078200
2021-03-22,471.890015,484.609985,471.230011,483.220001,483.220001,911700
2021-03-23,486.160004,488.720001,466.709991,469.76001,469.76001,1086400
2021-03-24,471.51001,472.079987,458.25,460.320007,460.320007,1053800
2021-03-25,458.309998,465.839996,451.600006,463.480011,463.480011,1413500
2021-03-26,461.130005,477.320007,458.440002,476.910004,476.910004,1645500
2021-03-29,472.339996,488.899994,471.910004,481.519989,481.519989,771200
2021-03-30,479.839996,480.839996,469.359985,470.670013,470.670013,610400
2021-03-31,472.640015,475.700012,470.670013,473.140015,473.140015,767700
2021-04-01,472.0,478.149994,469.369995,474.929993,474.929993,763100
2021-04-05,477.089996,485.279999,474.220001,484.559998,484.559998,949000
2021-04-06,485.5,485.820007,476.720001,478.679993,478.679993,900900
2021-04-07,479.0,486.950012,477.619995,481.790009,481.790009,722200
2021-04-08,485.769989,488.98999,474.839996,476.359985,476.359985,1245200
2021-04-09,476.220001,480.26001,471.5,475.170013,475.170013,679500
2021-04-12,481.779999,481.779999,469.799988,472.799988,472.799988,835500
2021-04-13,476.529999,483.399994,474.600006,477.040009,477.040009,754900
2021-04-14,478.0,486.730011,477.920013,481.160004,481.160004,595600
2021-04-15,487.440002,499.279999,485.809998,494.640015,494.640015,950500
2021-04-16,496.649994,506.869995,495.859985,502.600006,502.600006,1169400
2021-04-19,503.01001,505.970001,498.470001,499.690002,499.690002,707800
2021-04-20,499.549988,506.730011,497.399994,504.420013,504.420013,858800
2021-04-21,507.48999,510.320007,503.220001,506.480011,506.480011,621300
2021-04-22,505.399994,505.399994,489.279999,490.429993,490.429993,1000500
2021-04-23,488.630005,491.48999,484.029999,488.640015,488.640015,819800
2021-04-26,489.839996,502.0,485.0,501.170013,501.170013,830300
2021-04-27,502.600006,502.600006,491.26001,491.809998,491.809998,474500
2021-04-28,494.910004,495.440002,487.5,487.769989,487.769989,654000
2021-04-29,489.690002,490.0,482.279999,485.0,485.0,574300
2021-04-30,482.769989,491.579987,480.51001,481.299988,481.299988,796700
2021-05-03,483.5,491.670013,482.829987,488.619995,488.619995,645900
2021-05-04,485.940002,488.279999,480.850006,485.179993,485.179993,764500
2021-05-05,486.410004,488.75,481.089996,482.420013,482.420013,842400
2021-05-06,483.109985,502.980011,478.399994,498.679993,498.679993,1545300
2021-05-07,497.589996,503.0,492.809998,496.75,496.75,703200
2021-05-10,497.519989,513.47998,495.0,502.339996,502.339996,1044800
2021-05-11,496.820007,508.980011,494.019989,501.190002,501.190002,790700
2021-05-12,497.0,513.669983,497.0,507.140015,507.140015,967700
2021-05-13,508.859985,519.070007,505.570007,517.169983,517.169983,991400
2021-05-14,520.0,521.130005,512.25,516.619995,516.619995,785600
2021-05-17,516.450012,525.960022,515.440002,523.72998,523.72998,712200
2021-05-18,523.0,523.0,513.679993,516.219971,516.219971,683300
2021-05-19,517.900024,517.900024,502.5,510.269989,510.269989,587400
2021-05-20,509.0,518.869995,507.630005,513.210022,513.210022,574900
2021-05-21,514.130005,516.5,506.429993,506.720001,506.720001,610400
2021-05-24,509.73999,509.73999,500.079987,500.470001,500.470001,521900
2021-05-25,500.839996,502.720001,493.190002,498.029999,498.029999,767500
2021-05-26,498.75,500.309998,493.0,497.160004,497.160004,640700
2021-05-27,496.0,500.040009,492.130005,495.339996,495.339996,1058800
2021-05-28,497.609985,505.209991,497.220001,502.429993,502.429993,542100
2021-06-01,505.76001,508.790009,497.929993,503.230011,503.230011,617100
2021-06-02,503.170013,510.309998,501.200012,505.359985,505.359985,679400
2021-06-03,501.070007,506.890015,499.779999,505.660004,505.660004,445000
2021-06-04,507.589996,518.369995,505.799988,511.890015,511.890015,785200
2021-06-07,511.649994,525.390015,509.5,514.98999,514.98999,868700
2021-06-08,517.200012,518.619995,501.690002,506.420013,506.420013,963600
2021-06-09,507.839996,522.789978,505.619995,521.849976,521.849976,783300
2021-06-10,521.26001,533.26001,516.039978,532.039978,532.039978,934900
2021-06-11,529.280029,530.26001,519.97998,525.549988,525.549988,622900
2021-06-14,525.0,529.289978,521.960022,528.75,528.75,497800
2021-06-15,528.0,530.719971,523.659973,527.48999,527.48999,547500
2021-06-16,531.169983,542.419983,522.23999,523.580017,523.580017,914400
2021-06-17,524.0,538.5,516.75,536.01001,536.01001,846200
2021-06-18,534.659973,540.030029,532.130005,537.919983,537.919983,914800
2021-06-21,539.98999,543.73999,532.72998,534.27002,534.27002,678800
2021-06-22,533.039978,535.109985,526.909973,534.02002,534.02002,655600
2021-06-23,532.849976,534.700012,523.289978,529.799988,529.799988,636300
2021-06-24,533.090027,545.369995,531.330017,544.450012,544.450012,790000
2021-06-25,543.590027,552.5,540.75,550.549988,550.549988,1912800
2021-06-28,565.539978,569.98999,542.549988,542.700012,542.700012,1509400
2021-06-29,542.280029,548.02002,536.080017,545.97998,545.97998,721500
2021-06-30,545.200012,561.77002,544.52002,558.539978,558.539978,861800
2021-07-01,556.599976,576.919983,554.950012,574.619995,574.619995,1277400
2021-07-02,576.0,592.840027,571.549988,583.640015,583.640015,1073700
2021-07-06,579.409973,584.289978,572.929993,582.25,582.25,643900
2021-07-07,584.27002,590.950012,580.76001,585.900024,585.900024,708700
2021-07-08,578.440002,580.0,568.150024,574.919983,574.919983,766600
2021-07-09,573.0,580.849976,571.01001,580.400024,580.400024,550100
2021-07-12,579.919983,586.340027,571.039978,574.030029,574.030029,655300
2021-07-13,574.580017,582.190002,570.619995,577.01001,577.01001,448800
2021-07-14,578.549988,582.859985,575.5,581.059998,581.059998,380300
2021-07-15,579.900024,593.289978,575.039978,589.320007,589.320007,776200
2021-07-16,587.820007,590.0,580.0,583.23999,583.23999,515600
2021-07-19,581.26001,588.0,578.0,585.22998,585.22998,552100
2021-07-20,588.299988,593.690002,580.659973,587.23999,587.23999,644800
2021-07-21,586.76001,586.76001,573.76001,583.719971,583.719971,480800
2021-07-22,581.630005,590.679993,580.02002,586.880005,586.880005,406900
2021-07-23,588.830017,595.47998,583.76001,586.349976,586.349976,628200
2021-07-26,586.0,586.0,577.369995,577.780029,577.780029,488400
2021-07-27,568.51001,581.299988,565.0,581.01001,581.01001,474700
2021-07-28,582.039978,587.919983,579.0,586.409973,586.409973,404000
2021-07-29,588.619995,591.659973,582.099976,583.130005,583.130005,361400
2021-07-30,581.419983,583.280029,572.909973,574.609985,574.609985,775600
2021-08-02,577.119995,580.869995,570.380005,577.130005,577.130005,362200
2021-08-03,576.849976,587.559998,570.700012,586.51001,586.51001,512800
2021-08-04,584.919983,598.659973,579.320007,580.950012,580.950012,1042300
2021-08-05,588.619995,603.140015,570.849976,602.469971,602.469971,1628400
2021-08-06,603.090027,615.0,600.02002,610.859985,610.859985,1135100
2021-08-09,610.849976,624.77002,610.590027,613.940002,613.940002,962300
2021-08-10,615.72998,619.780029,604.549988,614.97998,614.97998,651200
2021-08-11,616.070007,621.369995,603.409973,608.450012,608.450012,630400
2021-08-12,607.0,611.52002,598.030029,608.0,608.0,577600
2021-08-13,614.0,625.0,612.619995,624.789978,624.789978,821200
2021-08-16,625.659973,630.0,615.059998,628.599976,628.599976,869900
2021-08-17,626.140015,650.0,624.01001,647.440002,647.440002,1183900
2021-08-18,650.0,658.969971,633.0,635.570007,635.570007,1642600
2021-08-19,628.929993,662.869995,628.929993,655.630005,655.630005,1284600
2021-08-20,659.0,674.070007,655.630005,663.27002,663.27002,1303900
2021-08-23,665.210022,671.48999,642.679993,667.289978,667.289978,992900
2021-08-24,665.919983,670.0,656.72998,669.950012,669.950012,731500
2021-08-25,672.849976,674.0,660.789978,669.179993,669.179993,643500
2021-08-26,670.059998,674.450012,663.289978,665.77002,665.77002,473300
2021-08-27,668.950012,673.099976,660.75,663.289978,663.289978,424600
2021-08-30,664.0,678.690002,660.440002,677.080017,677.080017,865300
2021-08-31,677.51001,681.72998,668.330017,673.400024,673.400024,829500
2021-09-01,674.719971,686.280029,671.630005,680.960022,680.960022,822100
2021-09-02,683.5,684.900024,674.570007,675.75,675.75,689300
2021-09-03,675.619995,686.619995,672.0,679.570007,679.570007,564600
2021-09-07,679.419983,679.580017,658.02002,668.809998,668.809998,717500
2021-09-08,667.799988,676.940002,666.570007,669.190002,669.190002,463100
2021-09-09,670.280029,672.880005,644.650024,646.109985,646.109985,1047700
2021-09-10,650.0,659.76001,646.109985,650.48999,650.48999,747100
2021-09-13,651.099976,653.330017,636.0,639.52002,639.52002,798000
2021-09-14,639.909973,650.419983,639.909973,645.150024,645.150024,602100
2021-09-15,658.650024,664.98999,649.01001,652.0,652.0,883100
2021-09-16,649.710022,656.669983,643.380005,653.179993,653.179993,539900
2021-09-17,649.169983,653.0,643.289978,651.880005,651.880005,761900
2021-09-20,643.840027,652.0,636.169983,640.890015,640.890015,666400
2021-09-21,645.109985,656.859985,642.809998,646.950012,646.950012,440600
2021-09-22,646.950012,651.01001,640.02002,647.059998,647.059998,561800
2021-09-23,647.0,655.0,644.299988,646.51001,646.51001,537400
2021-09-24,644.309998,644.309998,632.450012,638.900024,638.900024,654500
2021-09-27,636.710022,636.710022,616.26001,619.070007,619.070007,783700
2021-09-28,607.219971,617.710022,603.789978,605.0,605.0,1240400
2021-09-29,607.140015,612.73999,604.97998,606.700012,606.700012,615100
2021-09-30,607.76001,613.580017,604.619995,605.179993,605.179993,549000
2021-10-01,576.75,578.0,556.049988,570.789978,570.789978,1457800
2021-10-04,565.369995,568.130005,553.099976,555.419983,555.419983,992900
2021-10-05,555.909973,564.72998,549.27002,550.900024,550.900024,930100
2021-10-06,548.0,553.929993,543.409973,546.570007,546.570007,890100
2021-10-07,548.140015,559.75,547.320007,552.02002,552.02002,774300
2021-10-08,551.880005,555.52002,543.25,550.02002,550.02002,532300
2021-10-11,549.650024,557.869995,545.599976,546.26001,546.26001,538600
2021-10-12,546.090027,549.349976,541.580017,544.440002,544.440002,521600
2021-10-13,548.330017,556.179993,546.969971,547.119995,547.119995,664200
2021-10-14,553.0,565.109985,552.070007,555.619995,555.619995,1055800
2021-10-15,558.929993,558.929993,552.159973,553.23999,553.23999,838800
2021-10-18,550.219971,552.48999,539.179993,543.47998,543.47998,1216200
2021-10-19,548.02002,555.669983,545.0,552.109985,552.109985,985700
2021-10-20,554.23999,562.719971,553.0,562.710022,562.710022,878000
2021-10-21,564.47998,570.909973,562.52002,569.369995,569.369995,624200
2021-10-22,570.030029,573.01001,565.390015,572.359985,572.359985,493000
2021-10-25,573.659973,578.72998,569.530029,576.200012,576.200012,627300
2021-10-26,579.140015,594.219971,575.609985,592.150024,592.150024,845300
2021-10-27,593.280029,594.090027,587.700012,589.599976,589.599976,658100
2021-10-28,590.179993,625.719971,589.130005,625.190002,625.190002,1111400
2021-10-29,619.130005,641.26001,618.109985,639.940002,639.940002,860400
2021-11-01,640.0,648.070007,635.75,639.150024,639.150024,913700
2021-11-02,638.580017,649.97998,633.559998,638.77002,638.77002,838400
2021-11-03,637.210022,652.380005,632.099976,652.099976,652.099976,718800
2021-11-04,657.210022,659.789978,630.900024,647.630005,647.630005,1507000
2021-11-05,600.0,622.859985,594.549988,611.539978,611.539978,1768400
2021-11-08,618.599976,623.419983,608.76001,622.780029,622.780029,639900
2021-11-09,623.080017,627.570007,614.0,616.309998,616.309998,601000
2021-11-10,616.820007,635.72998,616.820007,622.200012,622.200012,727900
2021-11-11,622.0,628.460022,617.650024,626.640015,626.640015,478400
2021-11-12,632.440002,634.460022,623.309998,631.200012,631.200012,513600
2021-11-15,635.01001,649.719971,633.280029,647.72998,647.72998,777500
2021-11-16,647.340027,661.840027,642.099976,642.75,642.75,632700
2021-11-17,645.080017,645.530029,635.75,641.830017,641.830017,440000
2021-11-18,642.210022,653.27002,638.599976,648.51001,648.51001,564400
2021-11-19,652.429993,657.559998,646.369995,652.679993,652.679993,605700
2021-11-22,648.580017,660.280029,640.880005,643.640015,643.640015,632600
2021-11-23,641.900024,650.960022,639.47998,649.320007,649.320007,624300
2021-11-24,651.380005,656.0,645.549988,648.179993,648.179993,545100
2021-11-26,660.0,660.950012,639.780029,643.349976,643.349976,575600
2021-11-29,645.320007,660.5,642.409973,654.400024,654.400024,700400
2021-11-30,646.409973,656.599976,635.119995,636.530029,636.530029,1277200
2021-12-01,639.130005,644.409973,630.130005,630.590027,630.590027,731800
2021-12-02,633.030029,640.030029,622.48999,634.0,634.0,563800
2021-12-03,637.77002,641.789978,623.119995,635.159973,635.159973,650400
2021-12-06,642.359985,644.700012,624.599976,625.0,625.0,567500
2021-12-07,628.530029,643.369995,623.0,635.090027,635.090027,652500
2021-12-08,638.140015,655.75,633.330017,654.039978,654.039978,694800
2021-12-09,650.0,667.559998,646.669983,665.719971,665.719971,898200
2021-12-10,661.940002,672.450012,656.25,669.52002,669.52002,791100
2021-12-13,653.119995,665.0,637.440002,660.150024,660.150024,1074800
2021-12-14,652.22998,673.859985,651.890015,670.969971,670.969971,730800
2021-12-15,646.98999,662.630005,645.0,657.929993,657.929993,842100
2021-12-16,644.73999,656.340027,630.099976,631.73999,631.73999,1241800
2021-12-17,631.039978,631.159973,615.200012,619.280029,619.280029,1627100
2021-12-20,620.700012,625.349976,602.070007,603.140015,603.140015,912100
2021-12-21,608.580017,608.580017,598.23999,606.809998,606.809998,1108900
2021-12-22,608.469971,619.23999,600.849976,617.47998,617.47998,737400
2021-12-23,619.5,627.219971,618.150024,625.380005,625.380005,398700
2021-12-27,625.659973,636.359985,623.289978,634.77002,634.77002,443700
2021-12-28,637.039978,639.5,635.0,638.460022,638.460022,327800
2021-12-29,639.469971,649.0,638.75,647.280029,647.280029,413000
2021-12-30,647.150024,651.280029,642.280029,642.51001,642.51001,306300
2021-12-31,644.340027,645.5,630.659973,631.52002,631.52002,353400
2022-01-03,625.0,629.330017,621.869995,627.099976,627.099976,515600
2022-01-04,622.950012,625.070007,612.109985,616.820007,616.820007,725400
2022-01-05,604.950012,613.650024,594.98999,595.119995,595.119995,1100800
2022-01-06,600.0,606.02002,594.969971,598.440002,598.440002,676200
2022-01-07,598.440002,607.01001,592.859985,603.72998,603.72998,584400
2022-01-10,603.75,621.609985,602.130005,621.27002,621.27002,822700
2022-01-11,623.190002,628.080017,617.76001,626.090027,626.090027,613800
2022-01-12,624.450012,632.390015,620.830017,631.440002,631.440002,584700
2022-01-13,632.75,632.75,614.150024,616.109985,616.109985,649300
2022-01-14,616.02002,623.200012,604.799988,615.23999,615.23999,792000
2022-01-18,604.52002,612.390015,598.130005,611.219971,611.219971,974800
2022-01-19,617.01001,628.049988,612.400024,618.109985,618.109985,656300
2022-01-20,621.150024,622.289978,612.429993,614.380005,614.380005,765900
2022-01-21,615.799988,623.97998,610.880005,621.400024,621.400024,1329000
2022-01-24,613.130005,623.539978,601.25,621.47998,621.47998,1126200
2022-01-25,616.289978,618.0,602.400024,603.190002,603.190002,975500
2022-01-26,604.469971,618.01001,600.27002,605.25,605.25,857900
2022-01-27,609.840027,618.75,603.25,608.719971,608.719971,658800
2022-01-28,608.289978,625.0,601.890015,624.919983,624.919983,736700
2022-01-31,623.150024,623.169983,602.51001,608.590027,608.590027,922300
2022-02-01,607.830017,613.929993,600.219971,613.359985,613.359985,738500
2022-02-02,613.359985,623.400024,596.900024,622.849976,622.849976,1033300
2022-02-03,617.909973,625.0,613.960022,620.690002,620.690002,962400
2022-02-04,610.01001,635.0,610.01001,622.960022,622.960022,1205800
2022-02-07,620.72998,625.109985,613.320007,622.359985,622.359985,905300
2022-02-08,620.01001,621.900024,612.039978,617.940002,617.940002,846200
2022-02-09,620.0,620.960022,616.26001,619.77002,619.77002,818500
2022-02-10,613.340027,624.549988,608.390015,618.219971,618.219971,769500
2022-02-11,620.570007,645.0,617.5,638.409973,638.409973,1111100
2022-02-14,638.0,639.200012,614.390015,623.530029,623.530029,826900
2022-02-15,622.0,635.440002,620.719971,630.150024,630.150024,675600
2022-02-16,630.630005,632.169983,624.25,630.900024,630.900024,374000
2022-02-17,628.369995,632.210022,619.51001,626.719971,626.719971,627800
2022-02-18,621.820007,632.76001,614.090027,615.130005,615.130005,718900
2022-02-22,613.309998,618.960022,602.169983,602.890015,602.890015,649200
2022-02-23,625.0,625.0,604.179993,608.97998,608.97998,863000
2022-02-24,603.400024,610.559998,598.070007,609.780029,609.780029,533500
2022-02-25,610.75,622.140015,608.330017,618.659973,618.659973,427400
2022-02-28,611.539978,620.330017,607.73999,618.359985,618.359985,518900
2022-03-01,615.390015,623.630005,603.119995,607.030029,607.030029,617300
2022-03-02,604.880005,619.859985,604.219971,616.869995,616.869995,339600
2022-03-03,618.580017,620.0,608.669983,611.150024,611.150024,593100
2022-03-04,604.22998,624.619995,604.22998,620.409973,620.409973,550500
2022-03-07,618.429993,636.359985,609.01001,618.590027,618.590027,755300
2022-03-08,611.169983,627.340027,609.030029,614.73999,614.73999,592200
2022-03-09,622.200012,626.679993,614.210022,623.429993,623.429993,538900
2022-03-10,616.130005,632.679993,615.919983,630.359985,630.359985,480600
2022-03-11,633.799988,652.27002,630.669983,642.580017,642.580017,803200
2022-03-14,644.599976,665.97998,644.599976,656.409973,656.409973,1018900
2022-03-15,660.26001,668.940002,654.5,665.929993,665.929993,763800
2022-03-16,670.01001,678.679993,663.869995,677.97998,677.97998,806200
2022-03-17,675.789978,689.98999,675.02002,685.22998,685.22998,808200
2022-03-18,686.429993,688.840027,677.030029,685.940002,685.940002,1170500
2022-03-21,687.73999,697.01001,685.619995,693.200012,693.200012,731100
2022-03-22,695.049988,695.049988,683.679993,692.640015,692.640015,576900
2022-03-23,693.039978,693.039978,667.880005,669.219971,669.219971,608500
2022-03-24,667.309998,680.080017,666.349976,679.76001,679.76001,402500
2022-03-25,679.900024,685.01001,676.140015,680.030029,680.030029,366800
2022-03-28,676.289978,694.22998,676.289978,693.400024,693.400024,625600
2022-03-29,692.559998,699.0,680.119995,698.429993,698.429993,725000
2022-03-30,700.049988,703.030029,690.75,692.380005,692.380005,848500
2022-03-31,695.77002,710.210022,691.77002,698.419983,698.419983,1061500
2022-04-01,701.820007,701.950012,685.280029,694.830017,694.830017,603500
2022-04-04,700.0,704.169983,692.5,698.409973,698.409973,498600
2022-04-05,697.02002,710.409973,689.119995,691.469971,691.469971,671800
2022-04-06,692.0,710.299988,690.01001,708.359985,708.359985,683500
2022-04-07,706.23999,725.969971,706.210022,721.799988,721.799988,828000
2022-04-08,725.0,747.419983,725.0,738.840027,738.840027,1030100
2022-04-11,736.640015,741.849976,722.02002,722.369995,722.369995,709000
2022-04-12,720.659973,726.330017,711.690002,715.789978,715.789978,488800
2022-04-13,716.359985,732.97998,716.359985,731.890015,731.890015,526200
2022-04-14,732.25,738.98999,730.940002,733.02002,733.02002,795700
2022-04-18,726.809998,732.0,719.27002,723.200012,723.200012,313300
2022-04-19,724.200012,725.809998,710.599976,716.219971,716.219971,468000
2022-04-20,720.070007,721.719971,713.01001,719.619995,719.619995,413700
2022-04-21,719.0,725.320007,705.099976,706.109985,706.109985,535200
2022-04-22,701.530029,709.059998,686.26001,688.080017,688.080017,609400
2022-04-25,684.700012,690.559998,673.099976,690.330017,690.330017,514300
2022-04-26,683.01001,692.51001,673.890015,674.820007,674.820007,538500
2022-04-27,680.109985,683.950012,672.099976,673.51001,673.51001,406600
2022-04-28,673.51001,677.5,660.820007,675.580017,675.580017,555600
2022-04-29,673.950012,676.640015,655.900024,659.109985,659.109985,678300
2022-05-02,656.969971,658.25,641.169983,652.02002,652.02002,737400
2022-05-03,658.099976,665.299988,650.22998,660.48999,660.48999,538700
2022-05-04,661.299988,666.25,636.799988,660.859985,660.859985,998100
2022-05-05,659.98999,660.869995,630.030029,639.369995,639.369995,754700
2022-05-06,639.039978,639.039978,622.059998,623.049988,623.049988,773800
2022-05-09,612.669983,616.48999,597.76001,599.77002,599.77002,819400
2022-05-10,609.27002,627.890015,608.289978,615.090027,615.090027,769500
2022-05-11,610.369995,624.830017,604.710022,613.049988,613.049988,704000
2022-05-12,606.789978,634.190002,606.77002,633.960022,633.960022,793100
2022-05-13,635.380005,648.47998,629.080017,645.52002,645.52002,604500
2022-05-16,640.179993,656.450012,640.179993,655.01001,655.01001,486900
2022-05-17,661.869995,670.960022,651.809998,667.559998,667.559998,571800
2022-05-18,664.099976,672.539978,655.25,659.200012,659.200012,560100
2022-05-19,660.349976,660.619995,650.820007,657.150024,657.150024,607700
2022-05-20,661.289978,664.900024,647.539978,661.140015,661.140015,544300
2022-05-23,671.609985,686.320007,668.5,681.909973,681.909973,593200
2022-05-24,681.969971,686.330017,667.75,686.02002,686.02002,465100
2022-05-25,689.0,699.630005,684.700012,690.880005,690.880005,562100
2022-05-26,690.119995,697.01001,682.900024,683.440002,683.440002,523500
2022-05-27,685.719971,693.809998,680.0,692.799988,692.799988,558700
2022-05-31,692.799988,692.799988,656.710022,664.73999,664.73999,1691600
2022-06-01,669.51001,672.349976,651.849976,658.919983,658.919983,610000
2022-06-02,655.02002,655.02002,617.210022,630.700012,630.700012,1276100
2022-06-03,628.679993,635.390015,625.51001,630.349976,630.349976,666500
2022-06-06,625.47998,627.919983,599.679993,609.030029,609.030029,941200
2022-06-07,605.450012,616.679993,603.22998,613.97998,613.97998,515900
2022-06-08,617.98999,622.840027,605.330017,607.76001,607.76001,566900
2022-06-09,605.109985,605.900024,575.390015,575.47998,575.47998,939700
2022-06-10,570.960022,577.809998,566.77002,571.809998,571.809998,837800
2022-06-13,554.659973,568.150024,547.549988,549.299988,549.299988,1055000
2022-06-14,555.119995,557.619995,538.01001,548.349976,548.349976,755000
2022-06-15,554.030029,570.460022,552.359985,561.190002,561.190002,766600
2022-06-16,549.690002,559.309998,546.929993,556.75,556.75,796800
2022-06-17,565.609985,585.52002,561.710022,580.950012,580.950012,1967600
2022-06-21,583.440002,600.049988,583.440002,587.669983,587.669983,716100
2022-06-22,580.719971,595.559998,580.719971,586.840027,586.840027,539600
2022-06-23,589.97998,609.090027,589.97998,607.390015,607.390015,681900
2022-06-24,612.059998,613.150024,602.52002,612.48999,612.48999,818300
2022-06-27,608.76001,610.950012,601.22998,602.400024,602.400024,580900
2022-06-28,600.669983,604.330017,593.630005,594.419983,594.419983,534100
2022-06-29,597.559998,607.409973,590.01001,597.619995,597.619995,533000
2022-06-30,594.929993,598.669983,583.049988,591.130005,591.130005,685400
2022-07-01,587.76001,597.0,586.169983,595.400024,595.400024,387800
2022-07-05,593.919983,597.0,583.090027,596.559998,596.559998,586000
2022-07-06,594.789978,601.880005,588.919983,594.900024,594.900024,528900
2022-07-07,598.01001,609.650024,596.0,607.450012,607.450012,528000
2022-07-08,605.580017,624.47998,604.119995,621.570007,621.570007,586700
2022-07-11,615.549988,620.640015,613.700012,614.460022,614.460022,436100
2022-07-12,619.090027,620.0,605.030029,610.090027,610.090027,415300
2022-07-13,597.849976,613.820007,597.849976,602.02002,602.02002,433300
2022-07-14,595.98999,605.73999,583.109985,598.859985,598.859985,539500
2022-07-15,601.289978,607.72998,596.23999,607.539978,607.539978,516300
2022-07-18,605.0,608.409973,582.72998,586.700012,586.700012,562000
2022-07-19,594.580017,597.570007,588.0,595.72998,595.72998,551900
2022-07-20,598.01001,599.25,589.789978,594.590027,594.590027,417400
2022-07-21,590.890015,599.969971,585.359985,592.440002,592.440002,638600
2022-07-22,593.599976,602.700012,580.789978,586.109985,586.109985,430000
2022-07-25,580.0,588.200012,575.400024,587.280029,587.280029,452600
2022-07-26,587.570007,594.679993,580.0,582.559998,582.559998,456100
2022-07-27,579.590027,591.440002,568.01001,587.909973,587.909973,597400
2022-07-28,588.890015,592.030029,563.820007,582.369995,582.369995,581700
2022-07-29,584.950012,585.150024,574.460022,581.690002,581.690002,682900
2022-08-01,581.530029,586.900024,573.530029,576.679993,576.679993,513000
2022-08-02,578.5,585.960022,569.650024,574.960022,574.960022,634700
2022-08-03,600.0,623.47998,595.159973,608.77002,608.77002,1151800
2022-08-04,602.650024,623.349976,602.650024,614.960022,614.960022,699300
2022-08-05,613.469971,621.630005,606.960022,613.609985,613.609985,566800
2022-08-08,619.780029,633.929993,618.869995,630.630005,630.630005,715600
2022-08-09,630.0,634.849976,617.099976,622.150024,622.150024,469500
2022-08-10,630.0,645.950012,624.780029,641.48999,641.48999,682900
2022-08-11,638.630005,643.97998,622.369995,623.900024,623.900024,468800
2022-08-12,628.869995,632.570007,622.299988,628.710022,628.710022,351300
2022-08-15,628.700012,643.710022,624.799988,643.289978,643.289978,541700
2022-08-16,641.52002,649.789978,638.460022,648.700012,648.700012,607600
2022-08-17,640.840027,652.52002,635.73999,636.340027,636.340027,414900
2022-08-18,636.109985,636.109985,622.72998,624.830017,624.830017,448000
2022-08-19,620.940002,624.460022,616.159973,618.359985,618.359985,477700
2022-08-22,616.349976,620.450012,608.309998,612.099976,612.099976,534100
2022-08-23,610.530029,612.169983,600.539978,602.530029,602.530029,406600
2022-08-24,600.179993,605.72998,597.0,602.789978,602.789978,386500
2022-08-25,605.919983,607.919983,599.51001,603.799988,603.799988,311300
2022-08-26,603.799988,609.849976,595.48999,596.179993,596.179993,516200
2022-08-29,592.359985,599.72998,587.400024,592.77002,592.77002,373100
2022-08-30,595.0,596.409973,585.650024,588.390015,588.390015,393900
2022-08-31,591.840027,598.23999,579.75,581.059998,581.059998,785500
2022-09-01,577.619995,602.469971,577.419983,600.630005,600.630005,479500
2022-09-02,601.109985,602.659973,577.830017,580.619995,580.619995,464600
2022-09-06,584.570007,588.390015,572.219971,573.969971,573.969971,662900
2022-09-07,575.460022,599.5,575.460022,596.440002,596.440002,741300
2022-09-08,686.98999,718.960022,652.640015,708.849976,708.849976,3731500
2022-09-09,711.72998,754.669983,707.25,724.320007,724.320007,2144400
2022-09-12,720.349976,723.440002,707.450012,710.73999,710.73999,1063000
2022-09-13,700.0,714.390015,695.109985,701.390015,701.390015,1039900
2022-09-14,701.97998,704.960022,686.840027,697.619995,697.619995,901200
2022-09-15,694.72998,717.460022,690.039978,705.849976,705.849976,826200
2022-09-16,710.22998,718.169983,701.460022,710.299988,710.299988,1186800
2022-09-19,703.929993,718.049988,683.929993,715.340027,715.340027,826000
2022-09-20,711.27002,716.01001,694.5,704.219971,704.219971,769500
2022-09-21,700.909973,709.590027,684.340027,684.630005,684.630005,665100
2022-09-22,681.359985,698.5,678.02002,688.26001,688.26001,771000
2022-09-23,685.799988,699.369995,681.0,697.330017,697.330017,815900
2022-09-26,696.219971,697.109985,683.059998,686.099976,686.099976,698000
2022-09-27,686.359985,700.47998,686.359985,695.01001,695.01001,663000
2022-09-28,700.890015,715.330017,699.159973,705.419983,705.419983,737700
2022-09-29,704.830017,706.590027,686.909973,691.820007,691.820007,770600
2022-09-30,694.400024,702.380005,685.969971,688.869995,688.869995,800800
2022-10-03,705.390015,736.47998,694.640015,735.130005,735.130005,1449000
2022-10-04,738.169983,743.059998,728.659973,739.539978,739.539978,874900
2022-10-05,738.200012,749.0,728.130005,745.679993,745.679993,569600
2022-10-06,743.880005,746.380005,728.309998,731.859985,731.859985,696700
2022-10-07,731.659973,732.690002,720.140015,722.369995,722.369995,670800
2022-10-10,720.140015,733.890015,715.080017,730.919983,730.919983,481900
2022-10-11,728.51001,747.780029,723.140015,737.409973,737.409973,644500
2022-10-12,738.51001,747.77002,727.200012,728.059998,728.059998,507700
2022-10-13,712.369995,754.0,709.070007,752.559998,752.559998,953600
2022-10-14,752.559998,761.049988,726.530029,736.059998,736.059998,879300
2022-10-17,734.0,739.950012,728.419983,735.960022,735.960022,627100
2022-10-18,740.659973,742.0,718.02002,722.710022,722.710022,699600
2022-10-19,719.280029,722.76001,703.950012,709.369995,709.369995,599400
2022-10-20,709.460022,713.159973,702.440002,705.890015,705.890015,480900
2022-10-21,705.890015,718.179993,697.47998,713.909973,713.909973,1224100
2022-10-24,717.950012,744.25,717.950012,737.150024,737.150024,623900
2022-10-25,736.549988,751.0,731.450012,747.330017,747.330017,833800
2022-10-26,739.369995,755.380005,728.320007,733.97998,733.97998,720800
2022-10-27,742.659973,742.659973,722.619995,724.880005,724.880005,498500
2022-10-28,733.609985,752.609985,724.340027,750.76001,750.76001,690200
2022-10-31,745.200012,760.809998,741.679993,748.75,748.75,759500
2022-11-01,750.0,764.590027,748.789978,759.909973,759.909973,573000
2022-11-02,755.940002,757.530029,740.0,740.47998,740.47998,735100
2022-11-03,726.070007,742.570007,702.070007,738.679993,738.679993,725100
2022-11-04,725.179993,741.059998,710.619995,740.210022,740.210022,748600
2022-11-07,735.98999,755.98999,735.789978,750.929993,750.929993,598900
2022-11-08,748.400024,769.48999,745.299988,751.950012,751.950012,701800
2022-11-09,751.0,769.630005,731.119995,742.950012,742.950012,1256400
2022-11-10,758.72998,760.0,734.659973,741.080017,741.080017,844800
2022-11-11,736.0,737.429993,706.75,734.450012,734.450012,951900
2022-11-14,737.880005,755.0,737.0,742.01001,742.01001,727800
2022-11-15,749.919983,749.919983,717.669983,728.72998,728.72998,650500
2022-11-16,735.070007,742.429993,729.630005,735.669983,735.669983,523500
2022-11-17,733.73999,742.219971,726.039978,739.080017,739.080017,538200
2022-11-18,737.320007,745.400024,728.140015,736.72998,736.72998,496600
2022-11-21,734.960022,740.590027,724.23999,738.97998,738.97998,447100
2022-11-22,743.849976,749.719971,733.900024,749.22998,749.22998,406300
2022-11-23,749.799988,751.700012,734.159973,735.359985,735.359985,406200
2022-11-25,732.690002,737.23999,728.609985,736.22998,736.22998,229200
2022-11-28,740.0,750.98999,736.109985,741.47998,741.47998,570700
2022-11-29,739.900024,740.0,727.0,736.080017,736.080017,515100
2022-11-30,737.890015,756.0,729.419983,751.700012,751.700012,1824600
2022-12-01,756.190002,768.299988,752.409973,761.23999,761.23999,670000
2022-12-02,752.52002,769.0,752.0,766.390015,766.390015,441400
2022-12-05,762.0,765.48999,749.580017,755.450012,755.450012,531100
2022-12-06,751.280029,755.869995,744.809998,747.469971,747.469971,502000
2022-12-07,745.469971,767.73999,745.469971,764.27002,764.27002,565800
2022-12-08,758.080017,779.0,758.080017,765.419983,765.419983,588900
2022-12-09,753.179993,759.98999,746.570007,750.059998,750.059998,508500
2022-12-12,730.169983,744.940002,728.0,742.47998,742.47998,843100
2022-12-13,749.099976,753.940002,739.02002,747.559998,747.559998,671200
2022-12-14,741.280029,757.0,741.280029,750.0,750.0,563200
2022-12-15,748.169983,748.169983,728.080017,731.27002,731.27002,622400
2022-12-16,721.799988,732.47998,720.580017,723.169983,723.169983,1803000
2022-12-19,720.98999,726.150024,713.0,721.099976,721.099976,502000
2022-12-20,725.23999,738.289978,722.960022,733.530029,733.530029,551400
2022-12-21,734.97998,754.859985,733.200012,736.190002,736.190002,532500
2022-12-22,736.080017,736.5,726.049988,733.619995,733.619995,506300
2022-12-23,733.960022,735.599976,718.359985,726.73999,726.73999,358600
2022-12-27,726.440002,727.460022,708.26001,711.349976,711.349976,548600
2022-12-28,710.51001,717.940002,707.869995,713.030029,713.030029,359500
2022-12-29,717.0,728.090027,710.280029,721.289978,721.289978,432100
2022-12-30,721.159973,722.159973,710.25,721.48999,721.48999,364100
